{"v":"5.7.6","fr":60,"ip":0,"op":121,"w":500,"h":500,"nm":"1339-sale-outline","ddd":0,"assets":[],"layers":[{"ddd":0,"ind":1,"ty":3,"nm":"02092020","sr":1,"ks":{"o":{"a":0,"k":0,"ix":11},"r":{"a":0,"k":0,"ix":10},"p":{"a":0,"k":[-105,15,0],"ix":2,"l":2},"a":{"a":0,"k":[60,60,0],"ix":1,"l":2},"s":{"a":0,"k":[100,100,100],"ix":6,"l":2}},"ao":0,"ef":[{"ty":5,"nm":"02092020002","np":3,"mn":"ADBE Checkbox Control","ix":1,"en":1,"ef":[{"ty":7,"nm":"Checkbox","mn":"ADBE Checkbox Control-0001","ix":1,"v":{"a":0,"k":0,"ix":1}}]}],"ip":0,"op":300,"st":0,"bm":0},{"ddd":0,"ind":2,"ty":4,"nm":"lordicon.com Outlines","cl":"com","sr":1,"ks":{"o":{"a":0,"k":20,"ix":11,"x":"var $bm_rt;\nvar checkbox = thisComp.layer('02092020').effect('02092020002')('Checkbox');\nif (checkbox == 1) {\n    $bm_rt = 20;\n} else {\n    $bm_rt = 0;\n}\n;"},"r":{"a":0,"k":0,"ix":10},"p":{"a":0,"k":[249.934,481.369,0],"ix":2,"l":2},"a":{"a":0,"k":[79.934,0.369,0],"ix":1,"l":2},"s":{"a":0,"k":[265.159,265.159,100],"ix":6,"l":2}},"ao":0,"shapes":[{"ty":"gr","it":[{"ind":0,"ty":"sh","ix":1,"ks":{"a":0,"k":{"i":[[0,0],[0,0],[0,0],[0,0],[0,0],[0,0]],"o":[[0,0],[0,0],[0,0],[0,0],[0,0],[0,0]],"v":[[1.415,0],[11.014,0],[11.014,-2.523],[4.656,-2.523],[4.656,-14.809],[1.415,-14.809]],"c":true},"ix":2},"nm":"l","mn":"ADBE Vector Shape - Group","hd":false},{"ty":"fl","c":{"a":0,"k":[0,0,0,1],"ix":4},"o":{"a":0,"k":100,"ix":5},"r":1,"bm":0,"nm":"Fill 1","mn":"ADBE Vector Graphic - Fill","hd":false},{"ty":"tr","p":{"a":0,"k":[0,0],"ix":2},"a":{"a":0,"k":[0,0],"ix":1},"s":{"a":0,"k":[100,100],"ix":3},"r":{"a":0,"k":0,"ix":6},"o":{"a":0,"k":100,"ix":7},"sk":{"a":0,"k":0,"ix":4},"sa":{"a":0,"k":0,"ix":5},"nm":"Transform"}],"nm":"l","np":3,"cix":2,"bm":0,"ix":1,"mn":"ADBE Vector Group","hd":false},{"ty":"gr","it":[{"ind":0,"ty":"sh","ix":1,"ks":{"a":0,"k":{"i":[[0,-3.938],[-1.62,-1.723],[-1.949,0],[-1.641,1.846],[0,2.154],[1.579,1.805],[1.579,0]],"o":[[0,1.354],[1.354,1.415],[1.231,0],[1.21,-1.354],[0,-1.456],[-1.456,-1.641],[-5.333,0]],"v":[[11.167,-7.199],[12.992,-1.661],[18.243,0.369],[23.514,-1.743],[25.381,-7.548],[23.494,-13.127],[18.284,-15.137]],"c":true},"ix":2},"nm":"o","mn":"ADBE Vector Shape - Group","hd":false},{"ind":1,"ty":"sh","ix":2,"ks":{"a":0,"k":{"i":[[0,1.415],[-0.841,1.026],[-1.19,0],[-0.615,-1.825],[0,-0.718],[0.492,-0.738],[1.292,0],[0.451,0.615]],"o":[[0,-1.682],[0.595,-0.759],[1.518,0],[0.308,0.902],[0,2.359],[-0.595,0.923],[-1.477,0],[-0.882,-1.149]],"v":[[14.49,-7.302],[15.577,-11.609],[18.305,-12.86],[21.689,-10.235],[22.058,-7.589],[21.053,-3.343],[18.284,-1.969],[15.597,-3.159]],"c":true},"ix":2},"nm":"o","mn":"ADBE Vector Shape - Group","hd":false},{"ty":"mm","mm":1,"nm":"Merge Paths 1","mn":"ADBE Vector Filter - Merge","hd":false},{"ty":"fl","c":{"a":0,"k":[0,0,0,1],"ix":4},"o":{"a":0,"k":100,"ix":5},"r":1,"bm":0,"nm":"Fill 1","mn":"ADBE Vector Graphic - Fill","hd":false},{"ty":"tr","p":{"a":0,"k":[0,0],"ix":2},"a":{"a":0,"k":[0,0],"ix":1},"s":{"a":0,"k":[100,100],"ix":3},"r":{"a":0,"k":0,"ix":6},"o":{"a":0,"k":100,"ix":7},"sk":{"a":0,"k":0,"ix":4},"sa":{"a":0,"k":0,"ix":5},"nm":"Transform"}],"nm":"o","np":5,"cix":2,"bm":0,"ix":2,"mn":"ADBE Vector Group","hd":false},{"ty":"gr","it":[{"ind":0,"ty":"sh","ix":1,"ks":{"a":0,"k":{"i":[[0,0],[0,0],[0,0],[0,0],[-0.287,-0.841],[-0.144,-0.82],[0,0],[0.164,0.656],[0.226,1.743],[2.236,0.205],[0,2.769],[0.923,0.8],[1.641,-0.021],[0,0]],"o":[[0,0],[0,0],[0,0],[0.533,0],[0.205,0.574],[0,0],[-0.164,-0.246],[-0.103,-0.41],[-0.267,-1.928],[0.718,-0.205],[0,-0.964],[-1.19,-1.026],[0,0],[0,0]],"v":[[27.381,0],[30.622,0],[30.622,-5.989],[33.411,-5.989],[35.011,-5.148],[35.811,0],[39.318,0],[38.867,-1.067],[38.416,-3.938],[35.749,-7.343],[38.847,-10.973],[37.554,-13.824],[33.063,-14.829],[27.381,-14.829]],"c":true},"ix":2},"nm":"r","mn":"ADBE Vector Shape - Group","hd":false},{"ind":1,"ty":"sh","ix":2,"ks":{"a":0,"k":{"i":[[0,0],[0,0],[-0.492,-0.349],[0,-1.005],[0.226,-0.164],[0.369,0],[0,0]],"o":[[0,0],[1.005,0],[0.287,0.185],[0,1.046],[-0.513,0.41],[0,0],[0,0]],"v":[[30.519,-12.491],[32.652,-12.491],[34.744,-12.142],[35.524,-10.481],[34.703,-8.758],[33.083,-8.348],[30.519,-8.348]],"c":true},"ix":2},"nm":"r","mn":"ADBE Vector Shape - Group","hd":false},{"ty":"mm","mm":1,"nm":"Merge Paths 1","mn":"ADBE Vector Filter - Merge","hd":false},{"ty":"fl","c":{"a":0,"k":[0,0,0,1],"ix":4},"o":{"a":0,"k":100,"ix":5},"r":1,"bm":0,"nm":"Fill 1","mn":"ADBE Vector Graphic - Fill","hd":false},{"ty":"tr","p":{"a":0,"k":[0,0],"ix":2},"a":{"a":0,"k":[0,0],"ix":1},"s":{"a":0,"k":[100,100],"ix":3},"r":{"a":0,"k":0,"ix":6},"o":{"a":0,"k":100,"ix":7},"sk":{"a":0,"k":0,"ix":4},"sa":{"a":0,"k":0,"ix":5},"nm":"Transform"}],"nm":"r","np":5,"cix":2,"bm":0,"ix":3,"mn":"ADBE Vector Group","hd":false},{"ty":"gr","it":[{"ind":0,"ty":"sh","ix":1,"ks":{"a":0,"k":{"i":[[0,0],[0,0],[-0.554,0.103],[0,4.553],[1.866,1.374],[0.82,0],[0,0]],"o":[[0,0],[1.497,0],[2.81,-0.513],[0,-2.113],[-1.784,-1.313],[0,0],[0,0]],"v":[[41.068,0],[45.683,0],[48.349,-0.164],[53.6,-7.609],[51.077,-13.434],[45.97,-14.768],[41.068,-14.788]],"c":true},"ix":2},"nm":"d","mn":"ADBE Vector Shape - Group","hd":false},{"ind":1,"ty":"sh","ix":2,"ks":{"a":0,"k":{"i":[[0,0],[-0.656,-0.185],[0,-2.092],[1.251,-1.251],[1.354,0],[0.349,0.021]],"o":[[1.825,-0.082],[1.99,0.554],[0,0.718],[-0.923,0.923],[-0.369,0],[0,0]],"v":[[44.288,-12.388],[47.611,-12.183],[50.318,-7.609],[48.985,-3.425],[45.539,-2.4],[44.288,-2.441]],"c":true},"ix":2},"nm":"d","mn":"ADBE Vector Shape - Group","hd":false},{"ty":"mm","mm":1,"nm":"Merge Paths 1","mn":"ADBE Vector Filter - Merge","hd":false},{"ty":"fl","c":{"a":0,"k":[0,0,0,1],"ix":4},"o":{"a":0,"k":100,"ix":5},"r":1,"bm":0,"nm":"Fill 1","mn":"ADBE Vector Graphic - Fill","hd":false},{"ty":"tr","p":{"a":0,"k":[0,0],"ix":2},"a":{"a":0,"k":[0,0],"ix":1},"s":{"a":0,"k":[100,100],"ix":3},"r":{"a":0,"k":0,"ix":6},"o":{"a":0,"k":100,"ix":7},"sk":{"a":0,"k":0,"ix":4},"sa":{"a":0,"k":0,"ix":5},"nm":"Transform"}],"nm":"d","np":5,"cix":2,"bm":0,"ix":4,"mn":"ADBE Vector Group","hd":false},{"ty":"gr","it":[{"ind":0,"ty":"sh","ix":1,"ks":{"a":0,"k":{"i":[[0,0],[0,0],[0,0],[0,0]],"o":[[0,0],[0,0],[0,0],[0,0]],"v":[[55.669,0],[58.849,0],[58.849,-14.87],[55.669,-14.87]],"c":true},"ix":2},"nm":"i","mn":"ADBE Vector Shape - Group","hd":false},{"ty":"fl","c":{"a":0,"k":[0,0,0,1],"ix":4},"o":{"a":0,"k":100,"ix":5},"r":1,"bm":0,"nm":"Fill 1","mn":"ADBE Vector Graphic - Fill","hd":false},{"ty":"tr","p":{"a":0,"k":[0,0],"ix":2},"a":{"a":0,"k":[0,0],"ix":1},"s":{"a":0,"k":[100,100],"ix":3},"r":{"a":0,"k":0,"ix":6},"o":{"a":0,"k":100,"ix":7},"sk":{"a":0,"k":0,"ix":4},"sa":{"a":0,"k":0,"ix":5},"nm":"Transform"}],"nm":"i","np":3,"cix":2,"bm":0,"ix":5,"mn":"ADBE Vector Group","hd":false},{"ty":"gr","it":[{"ind":0,"ty":"sh","ix":1,"ks":{"a":0,"k":{"i":[[0,0],[3.241,0],[0,-4.697],[-5.107,0],[-1.313,1.354],[-0.062,0.882],[0,0],[1.333,0],[0,0.882],[-2.359,0],[-0.062,-0.513]],"o":[[0,-2.954],[-4.164,0],[0,3.671],[1.354,0],[1.19,-1.231],[0,0],[-0.062,1.969],[-3.097,0],[0,-3.056],[2.154,0],[0,0]],"v":[[73.104,-9.989],[67.587,-14.911],[60.798,-7.097],[67.566,0.349],[71.894,-1.313],[73.227,-4.799],[69.884,-4.799],[67.218,-1.99],[64.121,-7.076],[67.464,-12.593],[69.864,-9.989]],"c":true},"ix":2},"nm":"c","mn":"ADBE Vector Shape - Group","hd":false},{"ty":"fl","c":{"a":0,"k":[0,0,0,1],"ix":4},"o":{"a":0,"k":100,"ix":5},"r":1,"bm":0,"nm":"Fill 1","mn":"ADBE Vector Graphic - Fill","hd":false},{"ty":"tr","p":{"a":0,"k":[0,0],"ix":2},"a":{"a":0,"k":[0,0],"ix":1},"s":{"a":0,"k":[100,100],"ix":3},"r":{"a":0,"k":0,"ix":6},"o":{"a":0,"k":100,"ix":7},"sk":{"a":0,"k":0,"ix":4},"sa":{"a":0,"k":0,"ix":5},"nm":"Transform"}],"nm":"c","np":3,"cix":2,"bm":0,"ix":6,"mn":"ADBE Vector Group","hd":false},{"ty":"gr","it":[{"ind":0,"ty":"sh","ix":1,"ks":{"a":0,"k":{"i":[[0,-3.938],[-1.62,-1.723],[-1.949,0],[-1.641,1.846],[0,2.154],[1.579,1.805],[1.579,0]],"o":[[0,1.354],[1.354,1.415],[1.231,0],[1.21,-1.354],[0,-1.456],[-1.456,-1.641],[-5.333,0]],"v":[[74.546,-7.199],[76.372,-1.661],[81.622,0.369],[86.894,-1.743],[88.76,-7.548],[86.873,-13.127],[81.663,-15.137]],"c":true},"ix":2},"nm":"o","mn":"ADBE Vector Shape - Group","hd":false},{"ind":1,"ty":"sh","ix":2,"ks":{"a":0,"k":{"i":[[0,1.415],[-0.841,1.026],[-1.19,0],[-0.615,-1.825],[0,-0.718],[0.492,-0.738],[1.292,0],[0.451,0.615]],"o":[[0,-1.682],[0.595,-0.759],[1.518,0],[0.308,0.902],[0,2.359],[-0.595,0.923],[-1.477,0],[-0.882,-1.149]],"v":[[77.869,-7.302],[78.956,-11.609],[81.684,-12.86],[85.068,-10.235],[85.437,-7.589],[84.432,-3.343],[81.663,-1.969],[78.977,-3.159]],"c":true},"ix":2},"nm":"o","mn":"ADBE Vector Shape - Group","hd":false},{"ty":"mm","mm":1,"nm":"Merge Paths 1","mn":"ADBE Vector Filter - Merge","hd":false},{"ty":"fl","c":{"a":0,"k":[0,0,0,1],"ix":4},"o":{"a":0,"k":100,"ix":5},"r":1,"bm":0,"nm":"Fill 1","mn":"ADBE Vector Graphic - Fill","hd":false},{"ty":"tr","p":{"a":0,"k":[0,0],"ix":2},"a":{"a":0,"k":[0,0],"ix":1},"s":{"a":0,"k":[100,100],"ix":3},"r":{"a":0,"k":0,"ix":6},"o":{"a":0,"k":100,"ix":7},"sk":{"a":0,"k":0,"ix":4},"sa":{"a":0,"k":0,"ix":5},"nm":"Transform"}],"nm":"o","np":5,"cix":2,"bm":0,"ix":7,"mn":"ADBE Vector Group","hd":false},{"ty":"gr","it":[{"ind":0,"ty":"sh","ix":1,"ks":{"a":0,"k":{"i":[[0,0],[0,0],[0,0],[0,0],[0,0],[0,0],[0,0],[0,0],[0,0],[0,0]],"o":[[0,0],[0,0],[0,0],[0,0],[0,0],[0,0],[0,0],[0,0],[0,0],[0,0]],"v":[[91.007,0],[94.001,0],[94.001,-12.306],[99.744,0],[104.113,0],[104.113,-14.829],[101.159,-14.829],[101.159,-3.159],[95.601,-14.829],[91.007,-14.829]],"c":true},"ix":2},"nm":"n","mn":"ADBE Vector Shape - Group","hd":false},{"ty":"fl","c":{"a":0,"k":[0,0,0,1],"ix":4},"o":{"a":0,"k":100,"ix":5},"r":1,"bm":0,"nm":"Fill 1","mn":"ADBE Vector Graphic - Fill","hd":false},{"ty":"tr","p":{"a":0,"k":[0,0],"ix":2},"a":{"a":0,"k":[0,0],"ix":1},"s":{"a":0,"k":[100,100],"ix":3},"r":{"a":0,"k":0,"ix":6},"o":{"a":0,"k":100,"ix":7},"sk":{"a":0,"k":0,"ix":4},"sa":{"a":0,"k":0,"ix":5},"nm":"Transform"}],"nm":"n","np":3,"cix":2,"bm":0,"ix":8,"mn":"ADBE Vector Group","hd":false},{"ty":"gr","it":[{"ind":0,"ty":"sh","ix":1,"ks":{"a":0,"k":{"i":[[0,0],[0,0],[0,0],[0,0]],"o":[[0,0],[0,0],[0,0],[0,0]],"v":[[106.893,0],[109.497,0],[109.497,-2.728],[106.893,-2.728]],"c":true},"ix":2},"nm":".","mn":"ADBE Vector Shape - Group","hd":false},{"ty":"fl","c":{"a":0,"k":[0,0,0,1],"ix":4},"o":{"a":0,"k":100,"ix":5},"r":1,"bm":0,"nm":"Fill 1","mn":"ADBE Vector Graphic - Fill","hd":false},{"ty":"tr","p":{"a":0,"k":[0,0],"ix":2},"a":{"a":0,"k":[0,0],"ix":1},"s":{"a":0,"k":[100,100],"ix":3},"r":{"a":0,"k":0,"ix":6},"o":{"a":0,"k":100,"ix":7},"sk":{"a":0,"k":0,"ix":4},"sa":{"a":0,"k":0,"ix":5},"nm":"Transform"}],"nm":".","np":3,"cix":2,"bm":0,"ix":9,"mn":"ADBE Vector Group","hd":false},{"ty":"gr","it":[{"ind":0,"ty":"sh","ix":1,"ks":{"a":0,"k":{"i":[[0,0],[3.241,0],[0,-4.697],[-5.107,0],[-1.313,1.354],[-0.062,0.882],[0,0],[1.333,0],[0,0.882],[-2.359,0],[-0.062,-0.513]],"o":[[0,-2.954],[-4.164,0],[0,3.671],[1.354,0],[1.19,-1.231],[0,0],[-0.062,1.969],[-3.097,0],[0,-3.056],[2.154,0],[0,0]],"v":[[124.04,-9.989],[118.523,-14.911],[111.734,-7.097],[118.502,0.349],[122.83,-1.313],[124.163,-4.799],[120.82,-4.799],[118.154,-1.99],[115.057,-7.076],[118.4,-12.593],[120.8,-9.989]],"c":true},"ix":2},"nm":"c","mn":"ADBE Vector Shape - Group","hd":false},{"ty":"fl","c":{"a":0,"k":[0,0,0,1],"ix":4},"o":{"a":0,"k":100,"ix":5},"r":1,"bm":0,"nm":"Fill 1","mn":"ADBE Vector Graphic - Fill","hd":false},{"ty":"tr","p":{"a":0,"k":[0,0],"ix":2},"a":{"a":0,"k":[0,0],"ix":1},"s":{"a":0,"k":[100,100],"ix":3},"r":{"a":0,"k":0,"ix":6},"o":{"a":0,"k":100,"ix":7},"sk":{"a":0,"k":0,"ix":4},"sa":{"a":0,"k":0,"ix":5},"nm":"Transform"}],"nm":"c","np":3,"cix":2,"bm":0,"ix":10,"mn":"ADBE Vector Group","hd":false},{"ty":"gr","it":[{"ind":0,"ty":"sh","ix":1,"ks":{"a":0,"k":{"i":[[0,-3.938],[-1.62,-1.723],[-1.949,0],[-1.641,1.846],[0,2.154],[1.579,1.805],[1.579,0]],"o":[[0,1.354],[1.354,1.415],[1.231,0],[1.21,-1.354],[0,-1.456],[-1.456,-1.641],[-5.333,0]],"v":[[125.482,-7.199],[127.308,-1.661],[132.558,0.369],[137.829,-1.743],[139.696,-7.548],[137.809,-13.127],[132.599,-15.137]],"c":true},"ix":2},"nm":"o","mn":"ADBE Vector Shape - Group","hd":false},{"ind":1,"ty":"sh","ix":2,"ks":{"a":0,"k":{"i":[[0,1.415],[-0.841,1.026],[-1.19,0],[-0.615,-1.825],[0,-0.718],[0.492,-0.738],[1.292,0],[0.451,0.615]],"o":[[0,-1.682],[0.595,-0.759],[1.518,0],[0.308,0.902],[0,2.359],[-0.595,0.923],[-1.477,0],[-0.882,-1.149]],"v":[[128.805,-7.302],[129.892,-11.609],[132.62,-12.86],[136.004,-10.235],[136.373,-7.589],[135.368,-3.343],[132.599,-1.969],[129.912,-3.159]],"c":true},"ix":2},"nm":"o","mn":"ADBE Vector Shape - Group","hd":false},{"ty":"mm","mm":1,"nm":"Merge Paths 1","mn":"ADBE Vector Filter - Merge","hd":false},{"ty":"fl","c":{"a":0,"k":[0,0,0,1],"ix":4},"o":{"a":0,"k":100,"ix":5},"r":1,"bm":0,"nm":"Fill 1","mn":"ADBE Vector Graphic - Fill","hd":false},{"ty":"tr","p":{"a":0,"k":[0,0],"ix":2},"a":{"a":0,"k":[0,0],"ix":1},"s":{"a":0,"k":[100,100],"ix":3},"r":{"a":0,"k":0,"ix":6},"o":{"a":0,"k":100,"ix":7},"sk":{"a":0,"k":0,"ix":4},"sa":{"a":0,"k":0,"ix":5},"nm":"Transform"}],"nm":"o","np":5,"cix":2,"bm":0,"ix":11,"mn":"ADBE Vector Group","hd":false},{"ty":"gr","it":[{"ind":0,"ty":"sh","ix":1,"ks":{"a":0,"k":{"i":[[0,0],[0,0],[0,0],[0,0],[0,0],[0,0],[0,0],[0,0],[0,0],[0,0],[0,0],[0,0],[0,0]],"o":[[0,0],[0,0],[0,0],[0,0],[0,0],[0,0],[0,0],[0,0],[0,0],[0,0],[0,0],[0,0],[0,0]],"v":[[141.696,0],[144.67,0],[144.67,-12.716],[148.629,0],[151.254,0],[155.295,-12.716],[155.295,0],[158.453,0],[158.453,-14.829],[153.408,-14.829],[150.024,-4.041],[146.885,-14.829],[141.696,-14.829]],"c":true},"ix":2},"nm":"m","mn":"ADBE Vector Shape - Group","hd":false},{"ty":"fl","c":{"a":0,"k":[0,0,0,1],"ix":4},"o":{"a":0,"k":100,"ix":5},"r":1,"bm":0,"nm":"Fill 1","mn":"ADBE Vector Graphic - Fill","hd":false},{"ty":"tr","p":{"a":0,"k":[0,0],"ix":2},"a":{"a":0,"k":[0,0],"ix":1},"s":{"a":0,"k":[100,100],"ix":3},"r":{"a":0,"k":0,"ix":6},"o":{"a":0,"k":100,"ix":7},"sk":{"a":0,"k":0,"ix":4},"sa":{"a":0,"k":0,"ix":5},"nm":"Transform"}],"nm":"m","np":3,"cix":2,"bm":0,"ix":12,"mn":"ADBE Vector Group","hd":false}],"ip":2.5,"op":25,"st":0,"bm":0},{"ddd":0,"ind":3,"ty":3,"nm":"Color  & Stroke Change","sr":1,"ks":{"o":{"a":0,"k":0,"ix":11},"r":{"a":0,"k":0,"ix":10},"p":{"a":0,"k":[0,0],"ix":2,"l":2},"a":{"a":0,"k":[0,0,0],"ix":1,"l":2},"s":{"a":0,"k":[100,100,100],"ix":6,"l":2}},"ao":0,"ef":[{"ty":5,"nm":"Primary","np":3,"mn":"ADBE Color Control","ix":1,"en":1,"ef":[{"ty":2,"nm":"Color","mn":"ADBE Color Control-0001","ix":1,"v":{"a":0,"k":[0.070588238537,0.074509806931,0.192156866193,1],"ix":1}}]},{"ty":5,"nm":"Secondary","np":3,"mn":"ADBE Color Control","ix":2,"en":1,"ef":[{"ty":2,"nm":"Color","mn":"ADBE Color Control-0001","ix":1,"v":{"a":0,"k":[0.031372550875,0.658823549747,0.541176497936,1],"ix":1}}]},{"ty":5,"nm":"Stroke","np":3,"mn":"ADBE Slider Control","ix":3,"en":1,"ef":[{"ty":0,"nm":"Slider","mn":"ADBE Slider Control-0001","ix":1,"v":{"a":0,"k":70,"ix":1}}]},{"ty":5,"nm":"Axis","np":3,"mn":"ADBE Point Control","ix":4,"en":1,"ef":[{"ty":3,"nm":"Point","mn":"ADBE Point Control-0001","ix":1,"v":{"a":0,"k":[250,250],"ix":1}}]},{"ty":5,"nm":"Scale","np":3,"mn":"ADBE Slider Control","ix":5,"en":1,"ef":[{"ty":0,"nm":"Slider","mn":"ADBE Slider Control-0001","ix":1,"v":{"a":0,"k":100,"ix":1}}]}],"ip":0,"op":300,"st":0,"bm":0},{"ddd":0,"ind":4,"ty":3,"nm":"NULL","sr":1,"ks":{"o":{"a":0,"k":0,"ix":11},"r":{"a":0,"k":0,"ix":10},"p":{"a":0,"k":[250,250,0],"ix":2,"l":2,"x":"var $bm_rt;\n$bm_rt = thisComp.layer('Color  & Stroke Change').effect('Axis')('Point');"},"a":{"a":0,"k":[60,60,0],"ix":1,"l":2},"s":{"a":0,"k":[100,100,100],"ix":6,"l":2,"x":"var $bm_rt;\nvar temp;\ntemp = thisComp.layer('Color  & Stroke Change').effect('Scale')('Slider');\n$bm_rt = [\n    temp,\n    temp\n];"}},"ao":0,"ip":0,"op":300,"st":0,"bm":0},{"ddd":0,"ind":5,"ty":4,"nm":"Main 2","parent":7,"sr":1,"ks":{"o":{"a":0,"k":100,"ix":11},"r":{"a":0,"k":0,"ix":10},"p":{"a":0,"k":[250,250.341,0],"ix":2,"l":2},"a":{"a":0,"k":[250,250.341,0],"ix":1,"l":2},"s":{"a":0,"k":[100,100,100],"ix":6,"l":2}},"ao":0,"shapes":[{"ty":"gr","it":[{"ind":0,"ty":"sh","ix":1,"ks":{"a":1,"k":[{"i":{"x":0.833,"y":0.833},"o":{"x":0.333,"y":0},"t":0,"s":[{"i":[[0,0],[0,0],[-46.302,-22.027],[0,0],[0,0],[-17.165,-48.316],[0,0],[0,0],[22.027,-46.302],[0,0],[0,0],[48.316,-17.165],[0,0],[0,0],[46.302,22.027],[0,0],[0,0],[17.165,48.316],[0,0],[0,0],[-22.027,46.302],[0,0],[0,0],[-48.316,17.165]],"o":[[0,0],[-21.998,-46.316],[0,0],[0,0],[17.195,-48.306],[0,0],[0,0],[46.316,-21.998],[0,0],[0,0],[48.306,17.195],[0,0],[0,0],[21.998,46.316],[0,0],[0,0],[-17.195,48.306],[0,0],[0,0],[-46.316,21.998],[0,0],[0,0],[-48.306,-17.195],[0,0]],"v":[[-123.933,-51.38],[-123.933,-51.38],[-51.303,-123.965],[-51.303,-123.965],[-51.302,-123.965],[51.38,-123.933],[51.38,-123.933],[51.38,-123.933],[123.965,-51.303],[123.965,-51.303],[123.965,-51.302],[123.933,51.38],[123.933,51.38],[123.933,51.38],[51.303,123.965],[51.303,123.965],[51.302,123.965],[-51.38,123.933],[-51.38,123.933],[-51.38,123.933],[-123.965,51.303],[-123.965,51.303],[-123.965,51.302],[-123.933,-51.38]],"c":true}]},{"i":{"x":0.667,"y":1},"o":{"x":0.167,"y":0.167},"t":10,"s":[{"i":[[0,0],[0,0],[-0.201,-22.027],[0,0],[0,0],[-0.075,-48.316],[0,0],[0,0],[0.096,-46.302],[0,0],[0,0],[0.21,-17.165],[0,0],[0,0],[0.201,22.027],[0,0],[0,0],[0.075,48.316],[0,0],[0,0],[-0.096,46.302],[0,0],[0,0],[-0.21,17.165]],"o":[[0,0],[-0.096,-46.316],[0,0],[0,0],[0.075,-48.306],[0,0],[0,0],[0.201,-21.998],[0,0],[0,0],[0.21,17.195],[0,0],[0,0],[0.096,46.316],[0,0],[0,0],[-0.075,48.306],[0,0],[0,0],[-0.201,21.998],[0,0],[0,0],[-0.21,-17.195],[0,0]],"v":[[-0.539,-51.38],[-0.539,-51.38],[-0.223,-123.965],[-0.223,-123.965],[-0.223,-123.965],[0.223,-123.933],[0.223,-123.933],[0.223,-123.933],[0.539,-51.303],[0.539,-51.303],[0.539,-51.302],[0.539,51.38],[0.539,51.38],[0.539,51.38],[0.223,123.965],[0.223,123.965],[0.223,123.965],[-0.223,123.933],[-0.223,123.933],[-0.223,123.933],[-0.539,51.303],[-0.539,51.303],[-0.539,51.302],[-0.539,-51.38]],"c":true}]},{"i":{"x":0.833,"y":0.833},"o":{"x":0.333,"y":0},"t":20,"s":[{"i":[[0,0],[0,0],[-46.302,-22.027],[0,0],[0,0],[-17.165,-48.316],[0,0],[0,0],[22.027,-46.302],[0,0],[0,0],[48.316,-17.165],[0,0],[0,0],[46.302,22.027],[0,0],[0,0],[17.165,48.316],[0,0],[0,0],[-22.027,46.302],[0,0],[0,0],[-48.316,17.165]],"o":[[0,0],[-21.998,-46.316],[0,0],[0,0],[17.195,-48.306],[0,0],[0,0],[46.316,-21.998],[0,0],[0,0],[48.306,17.195],[0,0],[0,0],[21.998,46.316],[0,0],[0,0],[-17.195,48.306],[0,0],[0,0],[-46.316,21.998],[0,0],[0,0],[-48.306,-17.195],[0,0]],"v":[[-123.933,-51.38],[-123.933,-51.38],[-51.303,-123.965],[-51.302,-123.965],[-51.302,-123.965],[51.38,-123.933],[51.38,-123.933],[51.38,-123.933],[123.965,-51.303],[123.965,-51.303],[123.965,-51.302],[123.933,51.38],[123.933,51.38],[123.933,51.38],[51.303,123.965],[51.303,123.965],[51.302,123.965],[-51.38,123.933],[-51.38,123.933],[-51.38,123.933],[-123.965,51.303],[-123.965,51.303],[-123.965,51.302],[-123.933,-51.38]],"c":true}]},{"i":{"x":0.13,"y":1},"o":{"x":0.167,"y":0.167},"t":33,"s":[{"i":[[0,0],[0,0],[-0.201,-22.027],[0,0],[0,0],[-0.075,-48.316],[0,0],[0,0],[0.096,-46.302],[0,0],[0,0],[0.21,-17.165],[0,0],[0,0],[0.201,22.027],[0,0],[0,0],[0.075,48.316],[0,0],[0,0],[-0.096,46.302],[0,0],[0,0],[-0.21,17.165]],"o":[[0,0],[-0.096,-46.316],[0,0],[0,0],[0.075,-48.306],[0,0],[0,0],[0.201,-21.998],[0,0],[0,0],[0.21,17.195],[0,0],[0,0],[0.096,46.316],[0,0],[0,0],[-0.075,48.306],[0,0],[0,0],[-0.201,21.998],[0,0],[0,0],[-0.21,-17.195],[0,0]],"v":[[-0.539,-51.38],[-0.539,-51.38],[-0.223,-123.965],[-0.223,-123.965],[-0.223,-123.965],[0.223,-123.933],[0.223,-123.933],[0.223,-123.933],[0.539,-51.303],[0.539,-51.303],[0.539,-51.302],[0.539,51.38],[0.539,51.38],[0.539,51.38],[0.223,123.965],[0.223,123.965],[0.223,123.965],[-0.223,123.933],[-0.223,123.933],[-0.223,123.933],[-0.539,51.303],[-0.539,51.303],[-0.539,51.302],[-0.539,-51.38]],"c":true}]},{"t":120,"s":[{"i":[[0,0],[0,0],[-46.302,-22.027],[0,0],[0,0],[-17.165,-48.316],[0,0],[0,0],[22.027,-46.302],[0,0],[0,0],[48.316,-17.165],[0,0],[0,0],[46.302,22.027],[0,0],[0,0],[17.165,48.316],[0,0],[0,0],[-22.027,46.302],[0,0],[0,0],[-48.316,17.165]],"o":[[0,0],[-21.998,-46.316],[0,0],[0,0],[17.195,-48.306],[0,0],[0,0],[46.316,-21.998],[0,0],[0,0],[48.306,17.195],[0,0],[0,0],[21.998,46.316],[0,0],[0,0],[-17.195,48.306],[0,0],[0,0],[-46.316,21.998],[0,0],[0,0],[-48.306,-17.195],[0,0]],"v":[[-123.933,-51.38],[-123.933,-51.38],[-51.303,-123.965],[-51.302,-123.965],[-51.302,-123.965],[51.38,-123.933],[51.38,-123.933],[51.38,-123.933],[123.965,-51.303],[123.965,-51.303],[123.965,-51.302],[123.933,51.38],[123.933,51.38],[123.933,51.38],[51.303,123.965],[51.303,123.965],[51.302,123.965],[-51.38,123.933],[-51.38,123.933],[-51.38,123.933],[-123.965,51.303],[-123.965,51.303],[-123.965,51.302],[-123.933,-51.38]],"c":true}]}],"ix":2},"nm":"Path 2","mn":"ADBE Vector Shape - Group","hd":false},{"ty":"st","c":{"a":0,"k":[0.070588238537,0.074509806931,0.192156866193,1],"ix":3,"x":"var $bm_rt;\n$bm_rt = thisComp.layer('Color  & Stroke Change').effect('Primary')('Color');"},"o":{"a":0,"k":100,"ix":4},"w":{"a":0,"k":12,"ix":5,"x":"var $bm_rt;\n$bm_rt = $bm_mul(17.2 / 100, thisComp.layer('Color  & Stroke Change').effect('Stroke')('Slider'));"},"lc":2,"lj":2,"bm":0,"nm":"Stroke 1","mn":"ADBE Vector Graphic - Stroke","hd":false},{"ty":"tr","p":{"a":0,"k":[250,250.681],"ix":2},"a":{"a":0,"k":[0,0],"ix":1},"s":{"a":0,"k":[100,100],"ix":3},"r":{"a":0,"k":0,"ix":6},"o":{"a":0,"k":100,"ix":7},"sk":{"a":0,"k":0,"ix":4},"sa":{"a":0,"k":0,"ix":5},"nm":"Transform"}],"nm":"Group 5","np":2,"cix":2,"bm":0,"ix":1,"mn":"ADBE Vector Group","hd":false}],"ip":0,"op":844,"st":0,"bm":0},{"ddd":0,"ind":6,"ty":4,"nm":"outline 2","parent":7,"sr":1,"ks":{"o":{"a":0,"k":100,"ix":11},"r":{"a":0,"k":0,"ix":10},"p":{"a":0,"k":[250,250.341,0],"ix":2,"l":2},"a":{"a":0,"k":[250,250,0],"ix":1,"l":2},"s":{"a":0,"k":[100,100,100],"ix":6,"l":2}},"ao":0,"shapes":[{"ty":"gr","it":[{"ind":0,"ty":"sh","ix":1,"ks":{"a":1,"k":[{"i":{"x":0.833,"y":0.833},"o":{"x":0.333,"y":0},"t":0,"s":[{"i":[[0,11.077],[-11.077,0],[0,-11.077],[11.077,0]],"o":[[0,-11.077],[11.077,0],[0,11.077],[-11.077,0]],"v":[[-20.056,0],[0,-20.056],[20.056,0],[0,20.056]],"c":true}]},{"i":{"x":0.667,"y":1},"o":{"x":0.167,"y":0.167},"t":10,"s":[{"i":[[0,11.077],[-0.096,0],[0,-11.077],[0.096,0]],"o":[[0,-11.077],[0.096,0],[0,11.077],[-0.096,0]],"v":[[39.588,0],[39.762,-20.056],[39.937,0],[39.762,20.056]],"c":true}]},{"i":{"x":0.833,"y":0.833},"o":{"x":0.333,"y":0},"t":20,"s":[{"i":[[0,11.077],[10.818,0],[0,-11.077],[-10.818,0]],"o":[[0,-11.077],[-10.818,0],[0,11.077],[10.818,0]],"v":[[98.876,0],[79.288,-20.056],[59.7,0],[79.288,20.056]],"c":true}]},{"i":{"x":0.13,"y":1},"o":{"x":0.167,"y":0.167},"t":33,"s":[{"i":[[0,11.077],[-0.096,0],[0,-11.077],[0.096,0]],"o":[[0,-11.077],[0.096,0],[0,11.077],[-0.096,0]],"v":[[39.588,0],[39.762,-20.056],[39.937,0],[39.762,20.056]],"c":true}]},{"t":120,"s":[{"i":[[0,11.077],[-11.077,0],[0,-11.077],[11.077,0]],"o":[[0,-11.077],[11.077,0],[0,11.077],[-11.077,0]],"v":[[-20.056,0],[0,-20.056],[20.056,0],[0,20.056]],"c":true}]}],"ix":2},"nm":"Path 1","mn":"ADBE Vector Shape - Group","hd":false},{"ind":1,"ty":"sh","ix":2,"ks":{"a":1,"k":[{"i":{"x":0.833,"y":0.833},"o":{"x":0.333,"y":0},"t":0,"s":[{"i":[[0,11.077],[-11.077,0],[0,-11.077],[11.077,0]],"o":[[0,-11.077],[11.077,0],[0,11.077],[-11.077,0]],"v":[[60.168,79.888],[80.224,59.832],[100.28,79.888],[80.224,99.944]],"c":true}]},{"i":{"x":0.667,"y":1},"o":{"x":0.167,"y":0.167},"t":10,"s":[{"i":[[0,11.077],[-0.096,0],[0,-11.077],[0.096,0]],"o":[[0,-11.077],[0.096,0],[0,11.077],[-0.096,0]],"v":[[40.286,79.888],[40.461,59.832],[40.636,79.888],[40.461,99.944]],"c":true}]},{"i":{"x":0.833,"y":0.833},"o":{"x":0.333,"y":0},"t":20,"s":[{"i":[[0,11.077],[10.818,0],[0,-11.077],[-10.818,0]],"o":[[0,-11.077],[-10.818,0],[0,11.077],[10.818,0]],"v":[[20.524,79.888],[0.936,59.832],[-18.652,79.888],[0.936,99.944]],"c":true}]},{"i":{"x":0.13,"y":1},"o":{"x":0.167,"y":0.167},"t":33,"s":[{"i":[[0,11.077],[-0.096,0],[0,-11.077],[0.096,0]],"o":[[0,-11.077],[0.096,0],[0,11.077],[-0.096,0]],"v":[[40.286,79.888],[40.461,59.832],[40.636,79.888],[40.461,99.944]],"c":true}]},{"t":120,"s":[{"i":[[0,11.077],[-11.077,0],[0,-11.077],[11.077,0]],"o":[[0,-11.077],[11.077,0],[0,11.077],[-11.077,0]],"v":[[60.168,79.888],[80.224,59.832],[100.28,79.888],[80.224,99.944]],"c":true}]}],"ix":2},"nm":"Path 2","mn":"ADBE Vector Shape - Group","hd":false},{"ind":2,"ty":"sh","ix":3,"ks":{"a":1,"k":[{"i":{"x":0.833,"y":0.833},"o":{"x":0.333,"y":0},"t":0,"s":[{"i":[[0,0],[0,0]],"o":[[0,0],[0,0]],"v":[[92.465,-11.073],[-10.163,91.554]],"c":false}]},{"i":{"x":0.667,"y":1},"o":{"x":0.167,"y":0.167},"t":10,"s":[{"i":[[0,0],[0,0]],"o":[[0,0],[0,0]],"v":[[40.568,-11.073],[39.674,91.554]],"c":false}]},{"i":{"x":0.833,"y":0.833},"o":{"x":0.333,"y":0},"t":20,"s":[{"i":[[0,0],[0,0]],"o":[[0,0],[0,0]],"v":[[-11.02,-11.073],[89.214,91.554]],"c":false}]},{"i":{"x":0.13,"y":1},"o":{"x":0.167,"y":0.167},"t":33,"s":[{"i":[[0,0],[0,0]],"o":[[0,0],[0,0]],"v":[[40.568,-11.073],[39.674,91.554]],"c":false}]},{"t":120,"s":[{"i":[[0,0],[0,0]],"o":[[0,0],[0,0]],"v":[[92.465,-11.073],[-10.163,91.554]],"c":false}]}],"ix":2},"nm":"Path 3","mn":"ADBE Vector Shape - Group","hd":false},{"ty":"st","c":{"a":0,"k":[0.031372550875,0.658823549747,0.541176497936,1],"ix":3,"x":"var $bm_rt;\n$bm_rt = thisComp.layer('Color  & Stroke Change').effect('Secondary')('Color');"},"o":{"a":0,"k":100,"ix":4},"w":{"a":0,"k":12,"ix":5,"x":"var $bm_rt;\n$bm_rt = $bm_mul(17.2 / 100, thisComp.layer('Color  & Stroke Change').effect('Stroke')('Slider'));"},"lc":2,"lj":2,"bm":0,"nm":"Stroke 1","mn":"ADBE Vector Graphic - Stroke","hd":false},{"ty":"tr","p":{"a":0,"k":[209.888,210.056],"ix":2},"a":{"a":0,"k":[0,0],"ix":1},"s":{"a":0,"k":[100,100],"ix":3},"r":{"a":0,"k":0,"ix":6},"o":{"a":0,"k":100,"ix":7},"sk":{"a":0,"k":0,"ix":4},"sa":{"a":0,"k":0,"ix":5},"nm":"Transform"}],"nm":"Group 1","np":4,"cix":2,"bm":0,"ix":1,"mn":"ADBE Vector Group","hd":false}],"ip":0,"op":844,"st":0,"bm":0},{"ddd":0,"ind":7,"ty":4,"nm":"Main","parent":4,"sr":1,"ks":{"o":{"a":0,"k":100,"ix":11},"r":{"a":1,"k":[{"i":{"x":[0.667],"y":[1]},"o":{"x":[0.333],"y":[0]},"t":0,"s":[0]},{"i":{"x":[0],"y":[1]},"o":{"x":[0.333],"y":[0]},"t":24,"s":[20]},{"t":120,"s":[0]}],"ix":10},"p":{"a":1,"k":[{"i":{"x":0.667,"y":1},"o":{"x":0.333,"y":0},"t":0,"s":[60,60,0],"to":[0,8.333,0],"ti":[0,0,0]},{"i":{"x":0,"y":1},"o":{"x":0.333,"y":0},"t":20,"s":[60,110,0],"to":[0,0,0],"ti":[0,8.333,0]},{"t":120,"s":[60,60,0]}],"ix":2,"l":2},"a":{"a":0,"k":[250,250.341,0],"ix":1,"l":2},"s":{"a":0,"k":[100,100,100],"ix":6,"l":2}},"ao":0,"shapes":[{"ty":"gr","it":[{"ind":0,"ty":"sh","ix":1,"ks":{"a":1,"k":[{"i":{"x":0.833,"y":0.833},"o":{"x":0.333,"y":0},"t":0,"s":[{"i":[[0,0],[0,0],[-46.302,-22.027],[0,0],[0,0],[-17.165,-48.316],[0,0],[0,0],[22.027,-46.302],[0,0],[0,0],[48.316,-17.165],[0,0],[0,0],[46.302,22.027],[0,0],[0,0],[17.165,48.316],[0,0],[0,0],[-22.027,46.302],[0,0],[0,0],[-48.316,17.165]],"o":[[0,0],[-21.998,-46.316],[0,0],[0,0],[17.195,-48.306],[0,0],[0,0],[46.316,-21.998],[0,0],[0,0],[48.306,17.195],[0,0],[0,0],[21.998,46.316],[0,0],[0,0],[-17.195,48.306],[0,0],[0,0],[-46.316,21.998],[0,0],[0,0],[-48.306,-17.195],[0,0]],"v":[[-123.933,-51.38],[-123.933,-51.38],[-51.303,-123.965],[-51.303,-123.965],[-51.302,-123.965],[51.38,-123.933],[51.38,-123.933],[51.38,-123.933],[123.965,-51.303],[123.965,-51.303],[123.965,-51.302],[123.933,51.38],[123.933,51.38],[123.933,51.38],[51.303,123.965],[51.303,123.965],[51.302,123.965],[-51.38,123.933],[-51.38,123.933],[-51.38,123.933],[-123.965,51.303],[-123.965,51.303],[-123.965,51.302],[-123.933,-51.38]],"c":true}]},{"i":{"x":0.667,"y":1},"o":{"x":0.167,"y":0.167},"t":10,"s":[{"i":[[0,0],[0,0],[-0.201,-22.027],[0,0],[0,0],[-0.075,-48.316],[0,0],[0,0],[0.096,-46.302],[0,0],[0,0],[0.21,-17.165],[0,0],[0,0],[0.201,22.027],[0,0],[0,0],[0.075,48.316],[0,0],[0,0],[-0.096,46.302],[0,0],[0,0],[-0.21,17.165]],"o":[[0,0],[-0.096,-46.316],[0,0],[0,0],[0.075,-48.306],[0,0],[0,0],[0.201,-21.998],[0,0],[0,0],[0.21,17.195],[0,0],[0,0],[0.096,46.316],[0,0],[0,0],[-0.075,48.306],[0,0],[0,0],[-0.201,21.998],[0,0],[0,0],[-0.21,-17.195],[0,0]],"v":[[-0.539,-51.38],[-0.539,-51.38],[-0.223,-123.965],[-0.223,-123.965],[-0.223,-123.965],[0.223,-123.933],[0.223,-123.933],[0.223,-123.933],[0.539,-51.303],[0.539,-51.303],[0.539,-51.302],[0.539,51.38],[0.539,51.38],[0.539,51.38],[0.223,123.965],[0.223,123.965],[0.223,123.965],[-0.223,123.933],[-0.223,123.933],[-0.223,123.933],[-0.539,51.303],[-0.539,51.303],[-0.539,51.302],[-0.539,-51.38]],"c":true}]},{"i":{"x":0.833,"y":0.833},"o":{"x":0.333,"y":0},"t":20,"s":[{"i":[[0,0],[0,0],[-46.302,-22.027],[0,0],[0,0],[-17.165,-48.316],[0,0],[0,0],[22.027,-46.302],[0,0],[0,0],[48.316,-17.165],[0,0],[0,0],[46.302,22.027],[0,0],[0,0],[17.165,48.316],[0,0],[0,0],[-22.027,46.302],[0,0],[0,0],[-48.316,17.165]],"o":[[0,0],[-21.998,-46.316],[0,0],[0,0],[17.195,-48.306],[0,0],[0,0],[46.316,-21.998],[0,0],[0,0],[48.306,17.195],[0,0],[0,0],[21.998,46.316],[0,0],[0,0],[-17.195,48.306],[0,0],[0,0],[-46.316,21.998],[0,0],[0,0],[-48.306,-17.195],[0,0]],"v":[[-123.933,-51.38],[-123.933,-51.38],[-51.303,-123.965],[-51.302,-123.965],[-51.302,-123.965],[51.38,-123.933],[51.38,-123.933],[51.38,-123.933],[123.965,-51.303],[123.965,-51.303],[123.965,-51.302],[123.933,51.38],[123.933,51.38],[123.933,51.38],[51.303,123.965],[51.303,123.965],[51.302,123.965],[-51.38,123.933],[-51.38,123.933],[-51.38,123.933],[-123.965,51.303],[-123.965,51.303],[-123.965,51.302],[-123.933,-51.38]],"c":true}]},{"i":{"x":0.13,"y":1},"o":{"x":0.167,"y":0.167},"t":33,"s":[{"i":[[0,0],[0,0],[-0.201,-22.027],[0,0],[0,0],[-0.075,-48.316],[0,0],[0,0],[0.096,-46.302],[0,0],[0,0],[0.21,-17.165],[0,0],[0,0],[0.201,22.027],[0,0],[0,0],[0.075,48.316],[0,0],[0,0],[-0.096,46.302],[0,0],[0,0],[-0.21,17.165]],"o":[[0,0],[-0.096,-46.316],[0,0],[0,0],[0.075,-48.306],[0,0],[0,0],[0.201,-21.998],[0,0],[0,0],[0.21,17.195],[0,0],[0,0],[0.096,46.316],[0,0],[0,0],[-0.075,48.306],[0,0],[0,0],[-0.201,21.998],[0,0],[0,0],[-0.21,-17.195],[0,0]],"v":[[-0.539,-51.38],[-0.539,-51.38],[-0.223,-123.965],[-0.223,-123.965],[-0.223,-123.965],[0.223,-123.933],[0.223,-123.933],[0.223,-123.933],[0.539,-51.303],[0.539,-51.303],[0.539,-51.302],[0.539,51.38],[0.539,51.38],[0.539,51.38],[0.223,123.965],[0.223,123.965],[0.223,123.965],[-0.223,123.933],[-0.223,123.933],[-0.223,123.933],[-0.539,51.303],[-0.539,51.303],[-0.539,51.302],[-0.539,-51.38]],"c":true}]},{"t":120,"s":[{"i":[[0,0],[0,0],[-46.302,-22.027],[0,0],[0,0],[-17.165,-48.316],[0,0],[0,0],[22.027,-46.302],[0,0],[0,0],[48.316,-17.165],[0,0],[0,0],[46.302,22.027],[0,0],[0,0],[17.165,48.316],[0,0],[0,0],[-22.027,46.302],[0,0],[0,0],[-48.316,17.165]],"o":[[0,0],[-21.998,-46.316],[0,0],[0,0],[17.195,-48.306],[0,0],[0,0],[46.316,-21.998],[0,0],[0,0],[48.306,17.195],[0,0],[0,0],[21.998,46.316],[0,0],[0,0],[-17.195,48.306],[0,0],[0,0],[-46.316,21.998],[0,0],[0,0],[-48.306,-17.195],[0,0]],"v":[[-123.933,-51.38],[-123.933,-51.38],[-51.303,-123.965],[-51.302,-123.965],[-51.302,-123.965],[51.38,-123.933],[51.38,-123.933],[51.38,-123.933],[123.965,-51.303],[123.965,-51.303],[123.965,-51.302],[123.933,51.38],[123.933,51.38],[123.933,51.38],[51.303,123.965],[51.303,123.965],[51.302,123.965],[-51.38,123.933],[-51.38,123.933],[-51.38,123.933],[-123.965,51.303],[-123.965,51.303],[-123.965,51.302],[-123.933,-51.38]],"c":true}]}],"ix":2},"nm":"Path 2","mn":"ADBE Vector Shape - Group","hd":false},{"ty":"st","c":{"a":0,"k":[0.070588238537,0.074509806931,0.192156866193,1],"ix":3,"x":"var $bm_rt;\n$bm_rt = thisComp.layer('Color  & Stroke Change').effect('Primary')('Color');"},"o":{"a":0,"k":100,"ix":4},"w":{"a":0,"k":12,"ix":5,"x":"var $bm_rt;\n$bm_rt = $bm_mul(17.2 / 100, thisComp.layer('Color  & Stroke Change').effect('Stroke')('Slider'));"},"lc":2,"lj":2,"bm":0,"nm":"Stroke 1","mn":"ADBE Vector Graphic - Stroke","hd":false},{"ty":"tr","p":{"a":0,"k":[250,250.681],"ix":2},"a":{"a":0,"k":[0,0],"ix":1},"s":{"a":0,"k":[100,100],"ix":3},"r":{"a":0,"k":0,"ix":6},"o":{"a":0,"k":100,"ix":7},"sk":{"a":0,"k":0,"ix":4},"sa":{"a":0,"k":0,"ix":5},"nm":"Transform"}],"nm":"Group 5","np":2,"cix":2,"bm":0,"ix":1,"mn":"ADBE Vector Group","hd":false}],"ip":0,"op":844,"st":0,"bm":0},{"ddd":0,"ind":8,"ty":4,"nm":"Inside-3","parent":7,"sr":1,"ks":{"o":{"a":0,"k":100,"ix":11},"r":{"a":0,"k":0,"ix":10},"p":{"a":0,"k":[250.105,250.682,0],"ix":2,"l":2},"a":{"a":0,"k":[0,0,0],"ix":1,"l":2},"s":{"a":0,"k":[100,100,100],"ix":6,"l":2}},"ao":0,"shapes":[{"ty":"gr","it":[{"ind":0,"ty":"sh","ix":1,"ks":{"a":1,"k":[{"i":{"x":0.833,"y":0.833},"o":{"x":0.333,"y":0},"t":0,"s":[{"i":[[0,0],[0,0],[-3.38,3.38],[-10.74,-10.74],[-1.3,-3.97],[-0.02,-0.04],[-2.58,-2.59],[-9.68,3.66],[-0.01,0],[-0.28,0.12],[0,0],[-0.01,0],[-4.75,0],[0,-15.19],[1.89,-3.73],[0.01,-0.04],[0.01,-3.65],[-9.4,-4.28],[0,0],[-0.31,-0.13],[0,0],[0,0],[-3.38,-3.38],[10.74,-10.74],[3.98,-1.3],[0.04,-0.02],[2.59,-2.58],[-3.66,-9.68],[0,-0.01],[-0.12,-0.28],[0,0],[0,-0.01],[0,-4.75],[15.19,0],[3.73,1.89],[0.05,0.01],[3.65,0.01],[4.29,-9.4],[0,0],[0.12,-0.31],[0,0],[0,0],[3.38,-3.38],[10.74,10.74],[1.3,3.98],[0.02,0.04],[2.58,2.59],[9.68,-3.66],[0.01,0],[0.28,-0.12],[0,0],[0.01,0],[4.74,0],[0,15.19],[-1.89,3.73],[-0.01,0.05],[-0.01,3.65],[9.4,4.29],[0,0],[0.31,0.12],[0,0],[0,0],[3.38,3.38],[-10.74,10.74],[-3.97,1.3],[-0.04,0.02],[-2.59,2.58],[3.66,9.68],[0,0.01],[0.12,0.28],[0,0],[0,0.01],[0,4.74],[-15.19,0],[-3.73,-1.89],[-0.04,-0.01],[-3.65,-0.01],[-4.28,9.4],[0,0],[-0.13,0.31]],"o":[[0,-0.01],[1.26,-4.29],[10.74,-10.74],[3.16,3.16],[0,0],[1.31,3.19],[7.75,7.75],[0.01,0],[0.29,-0.1],[0,0],[0.01,0],[3.9,-2.12],[15.19,0],[0,4.46],[0,0],[-1.33,3.19],[0,10.94],[0.01,0],[0.31,0.14],[0,0],[0.01,0],[4.29,1.26],[10.74,10.74],[-3.16,3.16],[0,0],[-3.19,1.31],[-7.75,7.75],[0,0.01],[0.1,0.29],[0,0],[0,0.01],[2.12,3.9],[0,15.19],[-4.47,0],[0,0],[-3.18,-1.33],[-10.94,0],[0,0.01],[-0.13,0.31],[0,0],[0,0.01],[-1.25,4.29],[-10.74,10.74],[-3.16,-3.16],[0,0],[-1.31,-3.19],[-7.75,-7.75],[-0.01,0],[-0.29,0.1],[0,0],[-0.01,0],[-3.9,2.12],[-15.19,0],[0,-4.47],[0,0],[1.33,-3.18],[0,-10.94],[-0.01,0],[-0.31,-0.13],[0,0],[-0.01,0],[-4.29,-1.25],[-10.74,-10.74],[3.16,-3.16],[0,0],[3.19,-1.31],[7.75,-7.75],[0,-0.01],[-0.1,-0.29],[0,0],[0,-0.01],[-2.12,-3.9],[0,-15.19],[4.46,0],[0,0],[3.19,1.33],[10.94,0],[0,-0.01],[0.14,-0.31],[0,0]],"v":[[-26.395,-114.165],[-26.395,-114.175],[-19.445,-125.875],[19.445,-125.875],[26.135,-115.015],[26.325,-114.405],[32.175,-105.635],[62.125,-99.425],[62.145,-99.435],[63.005,-99.765],[62.125,-99.425],[62.145,-99.435],[75.255,-102.755],[102.755,-75.255],[99.805,-62.845],[99.515,-62.285],[97.445,-51.945],[114.165,-26.395],[114.175,-26.395],[115.095,-25.995],[114.165,-26.395],[114.175,-26.395],[125.875,-19.445],[125.875,19.445],[115.005,26.135],[114.405,26.325],[105.635,32.175],[99.425,62.125],[99.435,62.145],[99.765,63.005],[99.425,62.125],[99.435,62.145],[102.755,75.255],[75.255,102.755],[62.845,99.805],[62.275,99.515],[51.945,97.445],[26.385,114.165],[26.385,114.175],[25.995,115.095],[26.385,114.165],[26.385,114.175],[19.445,125.875],[-19.445,125.875],[-26.135,115.005],[-26.325,114.405],[-32.175,105.635],[-62.125,99.425],[-62.145,99.435],[-63.005,99.765],[-62.125,99.425],[-62.145,99.435],[-75.255,102.755],[-102.755,75.255],[-99.805,62.845],[-99.515,62.275],[-97.445,51.945],[-114.165,26.385],[-114.175,26.385],[-115.095,25.995],[-114.165,26.385],[-114.175,26.385],[-125.875,19.445],[-125.875,-19.445],[-115.015,-26.135],[-114.405,-26.325],[-105.635,-32.175],[-99.425,-62.125],[-99.435,-62.145],[-99.765,-63.005],[-99.425,-62.125],[-99.435,-62.145],[-102.755,-75.255],[-75.255,-102.755],[-62.845,-99.805],[-62.285,-99.515],[-51.945,-97.445],[-26.395,-114.165],[-26.395,-114.175],[-25.995,-115.095]],"c":true}]},{"i":{"x":0.667,"y":1},"o":{"x":0.167,"y":0.167},"t":10,"s":[{"i":[[0,0],[0,0],[0.01,3.38],[0.031,-10.74],[0.004,-3.97],[0,-0.04],[0.008,-2.59],[0.028,3.66],[0,0],[0.001,0.12],[0,0],[0,0],[0.014,0],[0,-15.19],[-0.006,-3.73],[0,-0.04],[0,-3.65],[0.027,-4.28],[0,0],[0.001,-0.13],[0,0],[0,0],[0.01,-3.38],[-0.031,-10.74],[-0.012,-1.3],[0,-0.02],[-0.008,-2.58],[0.011,-9.68],[0,-0.01],[0,-0.28],[0,0],[0,-0.01],[0,-4.75],[-0.044,0],[-0.011,1.89],[0,0.01],[-0.011,0.01],[-0.013,-9.4],[0,0],[0,-0.31],[0,0],[0,0],[-0.01,-3.38],[-0.031,10.74],[-0.004,3.98],[0,0.04],[-0.008,2.59],[-0.028,-3.66],[0,0],[-0.001,-0.12],[0,0],[0,0],[-0.014,0],[0,15.19],[0.006,3.73],[0,0.05],[0,3.65],[-0.027,4.29],[0,0],[-0.001,0.12],[0,0],[0,0],[-0.01,3.38],[0.031,10.74],[0.012,1.3],[0,0.02],[0.008,2.58],[-0.011,9.68],[0,0.01],[0,0.28],[0,0],[0,0.01],[0,4.74],[0.044,0],[0.011,-1.89],[0,-0.01],[0.011,-0.01],[0.013,9.4],[0,0],[0,0.31]],"o":[[0,-0.01],[-0.004,-4.29],[-0.031,-10.74],[-0.009,3.16],[0,0],[-0.004,3.19],[-0.023,7.75],[0,0],[-0.001,-0.1],[0,0],[0,0],[-0.011,-2.12],[-0.044,0],[0,4.46],[0,0],[0.004,3.19],[0,10.94],[0,0],[-0.001,0.14],[0,0],[0,0],[-0.013,1.26],[-0.031,10.74],[0.009,3.16],[0,0],[0.009,1.31],[0.023,7.75],[0,0.01],[0,0.29],[0,0],[0,0.01],[-0.006,3.9],[0,15.19],[0.013,0],[0,0],[0.009,-1.33],[0.032,0],[0,0.01],[0,0.31],[0,0],[0,0.01],[0.004,4.29],[0.031,10.74],[0.009,-3.16],[0,0],[0.004,-3.19],[0.023,-7.75],[0,0],[0.001,0.1],[0,0],[0,0],[0.011,2.12],[0.044,0],[0,-4.47],[0,0],[-0.004,-3.18],[0,-10.94],[0,0],[0.001,-0.13],[0,0],[0,0],[0.013,-1.25],[0.031,-10.74],[-0.009,-3.16],[0,0],[-0.009,-1.31],[-0.023,-7.75],[0,-0.01],[0,-0.29],[0,0],[0,-0.01],[0.006,-3.9],[0,-15.19],[-0.013,0],[0,0],[-0.009,1.33],[-0.032,0],[0,-0.01],[0,-0.31],[0,0]],"v":[[0.077,-114.165],[0.077,-114.175],[0.057,-125.875],[-0.057,-125.875],[-0.076,-115.015],[-0.077,-114.405],[-0.094,-105.635],[-0.182,-99.425],[-0.182,-99.435],[-0.184,-99.765],[-0.182,-99.425],[-0.182,-99.435],[-0.22,-102.755],[-0.3,-75.255],[-0.292,-62.845],[-0.291,-62.285],[-0.285,-51.945],[-0.334,-26.395],[-0.334,-26.395],[-0.336,-25.995],[-0.334,-26.395],[-0.334,-26.395],[-0.368,-19.445],[-0.368,19.445],[-0.336,26.135],[-0.334,26.325],[-0.309,32.175],[-0.291,62.125],[-0.291,62.145],[-0.292,63.005],[-0.291,62.125],[-0.291,62.145],[-0.3,75.255],[-0.22,102.755],[-0.184,99.805],[-0.182,99.515],[-0.152,97.445],[-0.077,114.165],[-0.077,114.175],[-0.076,115.095],[-0.077,114.165],[-0.077,114.175],[-0.057,125.875],[0.057,125.875],[0.076,115.005],[0.077,114.405],[0.094,105.635],[0.182,99.425],[0.182,99.435],[0.184,99.765],[0.182,99.425],[0.182,99.435],[0.22,102.755],[0.3,75.255],[0.292,62.845],[0.291,62.275],[0.285,51.945],[0.334,26.385],[0.334,26.385],[0.336,25.995],[0.334,26.385],[0.334,26.385],[0.368,19.445],[0.368,-19.445],[0.336,-26.135],[0.334,-26.325],[0.309,-32.175],[0.291,-62.125],[0.291,-62.145],[0.292,-63.005],[0.291,-62.125],[0.291,-62.145],[0.3,-75.255],[0.22,-102.755],[0.184,-99.805],[0.182,-99.515],[0.152,-97.445],[0.077,-114.165],[0.077,-114.175],[0.076,-115.095]],"c":true}]},{"i":{"x":0.833,"y":0.833},"o":{"x":0.333,"y":0},"t":20,"s":[{"i":[[0,0],[0,0],[-3.38,3.38],[-10.74,-10.74],[-1.3,-3.97],[-0.02,-0.04],[-2.58,-2.59],[-9.68,3.66],[-0.01,0],[-0.28,0.12],[0,0],[-0.01,0],[-4.75,0],[0,-15.19],[1.89,-3.73],[0.01,-0.04],[0.01,-3.65],[-9.4,-4.28],[0,0],[-0.31,-0.13],[0,0],[0,0],[-3.38,-3.38],[10.74,-10.74],[3.98,-1.3],[0.04,-0.02],[2.59,-2.58],[-3.66,-9.68],[0,-0.01],[-0.12,-0.28],[0,0],[0,-0.01],[0,-4.75],[15.19,0],[3.73,1.89],[0.05,0.01],[3.65,0.01],[4.29,-9.4],[0,0],[0.12,-0.31],[0,0],[0,0],[3.38,-3.38],[10.74,10.74],[1.3,3.98],[0.02,0.04],[2.58,2.59],[9.68,-3.66],[0.01,0],[0.28,-0.12],[0,0],[0.01,0],[4.74,0],[0,15.19],[-1.89,3.73],[-0.01,0.05],[-0.01,3.65],[9.4,4.29],[0,0],[0.31,0.12],[0,0],[0,0],[3.38,3.38],[-10.74,10.74],[-3.97,1.3],[-0.04,0.02],[-2.59,2.58],[3.66,9.68],[0,0.01],[0.12,0.28],[0,0],[0,0.01],[0,4.74],[-15.19,0],[-3.73,-1.89],[-0.04,-0.01],[-3.65,-0.01],[-4.28,9.4],[0,0],[-0.13,0.31]],"o":[[0,-0.01],[1.26,-4.29],[10.74,-10.74],[3.16,3.16],[0,0],[1.31,3.19],[7.75,7.75],[0.01,0],[0.29,-0.1],[0,0],[0.01,0],[3.9,-2.12],[15.19,0],[0,4.46],[0,0],[-1.33,3.19],[0,10.94],[0.01,0],[0.31,0.14],[0,0],[0.01,0],[4.29,1.26],[10.74,10.74],[-3.16,3.16],[0,0],[-3.19,1.31],[-7.75,7.75],[0,0.01],[0.1,0.29],[0,0],[0,0.01],[2.12,3.9],[0,15.19],[-4.47,0],[0,0],[-3.18,-1.33],[-10.94,0],[0,0.01],[-0.13,0.31],[0,0],[0,0.01],[-1.25,4.29],[-10.74,10.74],[-3.16,-3.16],[0,0],[-1.31,-3.19],[-7.75,-7.75],[-0.01,0],[-0.29,0.1],[0,0],[-0.01,0],[-3.9,2.12],[-15.19,0],[0,-4.47],[0,0],[1.33,-3.18],[0,-10.94],[-0.01,0],[-0.31,-0.13],[0,0],[-0.01,0],[-4.29,-1.25],[-10.74,-10.74],[3.16,-3.16],[0,0],[3.19,-1.31],[7.75,-7.75],[0,-0.01],[-0.1,-0.29],[0,0],[0,-0.01],[-2.12,-3.9],[0,-15.19],[4.46,0],[0,0],[3.19,1.33],[10.94,0],[0,-0.01],[0.14,-0.31],[0,0]],"v":[[-26.395,-114.165],[-26.395,-114.175],[-19.445,-125.875],[19.445,-125.875],[26.135,-115.015],[26.325,-114.405],[32.175,-105.635],[62.125,-99.425],[62.145,-99.435],[63.005,-99.765],[62.125,-99.425],[62.145,-99.435],[75.255,-102.755],[102.755,-75.255],[99.805,-62.845],[99.515,-62.285],[97.445,-51.945],[114.165,-26.395],[114.175,-26.395],[115.095,-25.995],[114.165,-26.395],[114.175,-26.395],[125.875,-19.445],[125.875,19.445],[115.005,26.135],[114.405,26.325],[105.635,32.175],[99.425,62.125],[99.435,62.145],[99.765,63.005],[99.425,62.125],[99.435,62.145],[102.755,75.255],[75.255,102.755],[62.845,99.805],[62.275,99.515],[51.945,97.445],[26.385,114.165],[26.385,114.175],[25.995,115.095],[26.385,114.165],[26.385,114.175],[19.445,125.875],[-19.445,125.875],[-26.135,115.005],[-26.325,114.405],[-32.175,105.635],[-62.125,99.425],[-62.145,99.435],[-63.005,99.765],[-62.125,99.425],[-62.145,99.435],[-75.255,102.755],[-102.755,75.255],[-99.805,62.845],[-99.515,62.275],[-97.445,51.945],[-114.165,26.385],[-114.175,26.385],[-115.095,25.995],[-114.165,26.385],[-114.175,26.385],[-125.875,19.445],[-125.875,-19.445],[-115.015,-26.135],[-114.405,-26.325],[-105.635,-32.175],[-99.425,-62.125],[-99.435,-62.145],[-99.765,-63.005],[-99.425,-62.125],[-99.435,-62.145],[-102.755,-75.255],[-75.255,-102.755],[-62.845,-99.805],[-62.285,-99.515],[-51.945,-97.445],[-26.395,-114.165],[-26.395,-114.175],[-25.995,-115.095]],"c":true}]},{"i":{"x":0.13,"y":1},"o":{"x":0.167,"y":0.167},"t":33,"s":[{"i":[[0,0],[0,0],[0.01,3.38],[0.031,-10.74],[0.004,-3.97],[0,-0.04],[0.008,-2.59],[0.028,3.66],[0,0],[0.001,0.12],[0,0],[0,0],[0.014,0],[0,-15.19],[-0.006,-3.73],[0,-0.04],[0,-3.65],[0.027,-4.28],[0,0],[0.001,-0.13],[0,0],[0,0],[0.01,-3.38],[-0.031,-10.74],[-0.012,-1.3],[0,-0.02],[-0.008,-2.58],[0.011,-9.68],[0,-0.01],[0,-0.28],[0,0],[0,-0.01],[0,-4.75],[-0.044,0],[-0.011,1.89],[0,0.01],[-0.011,0.01],[-0.013,-9.4],[0,0],[0,-0.31],[0,0],[0,0],[-0.01,-3.38],[-0.031,10.74],[-0.004,3.98],[0,0.04],[-0.008,2.59],[-0.028,-3.66],[0,0],[-0.001,-0.12],[0,0],[0,0],[-0.014,0],[0,15.19],[0.006,3.73],[0,0.05],[0,3.65],[-0.027,4.29],[0,0],[-0.001,0.12],[0,0],[0,0],[-0.01,3.38],[0.031,10.74],[0.012,1.3],[0,0.02],[0.008,2.58],[-0.011,9.68],[0,0.01],[0,0.28],[0,0],[0,0.01],[0,4.74],[0.044,0],[0.011,-1.89],[0,-0.01],[0.011,-0.01],[0.013,9.4],[0,0],[0,0.31]],"o":[[0,-0.01],[-0.004,-4.29],[-0.031,-10.74],[-0.009,3.16],[0,0],[-0.004,3.19],[-0.023,7.75],[0,0],[-0.001,-0.1],[0,0],[0,0],[-0.011,-2.12],[-0.044,0],[0,4.46],[0,0],[0.004,3.19],[0,10.94],[0,0],[-0.001,0.14],[0,0],[0,0],[-0.013,1.26],[-0.031,10.74],[0.009,3.16],[0,0],[0.009,1.31],[0.023,7.75],[0,0.01],[0,0.29],[0,0],[0,0.01],[-0.006,3.9],[0,15.19],[0.013,0],[0,0],[0.009,-1.33],[0.032,0],[0,0.01],[0,0.31],[0,0],[0,0.01],[0.004,4.29],[0.031,10.74],[0.009,-3.16],[0,0],[0.004,-3.19],[0.023,-7.75],[0,0],[0.001,0.1],[0,0],[0,0],[0.011,2.12],[0.044,0],[0,-4.47],[0,0],[-0.004,-3.18],[0,-10.94],[0,0],[0.001,-0.13],[0,0],[0,0],[0.013,-1.25],[0.031,-10.74],[-0.009,-3.16],[0,0],[-0.009,-1.31],[-0.023,-7.75],[0,-0.01],[0,-0.29],[0,0],[0,-0.01],[0.006,-3.9],[0,-15.19],[-0.013,0],[0,0],[-0.009,1.33],[-0.032,0],[0,-0.01],[0,-0.31],[0,0]],"v":[[0.077,-114.165],[0.077,-114.175],[0.057,-125.875],[-0.057,-125.875],[-0.076,-115.015],[-0.077,-114.405],[-0.094,-105.635],[-0.182,-99.425],[-0.182,-99.435],[-0.184,-99.765],[-0.182,-99.425],[-0.182,-99.435],[-0.22,-102.755],[-0.3,-75.255],[-0.292,-62.845],[-0.291,-62.285],[-0.285,-51.945],[-0.334,-26.395],[-0.334,-26.395],[-0.336,-25.995],[-0.334,-26.395],[-0.334,-26.395],[-0.368,-19.445],[-0.368,19.445],[-0.336,26.135],[-0.334,26.325],[-0.309,32.175],[-0.291,62.125],[-0.291,62.145],[-0.292,63.005],[-0.291,62.125],[-0.291,62.145],[-0.3,75.255],[-0.22,102.755],[-0.184,99.805],[-0.182,99.515],[-0.152,97.445],[-0.077,114.165],[-0.077,114.175],[-0.076,115.095],[-0.077,114.165],[-0.077,114.175],[-0.057,125.875],[0.057,125.875],[0.076,115.005],[0.077,114.405],[0.094,105.635],[0.182,99.425],[0.182,99.435],[0.184,99.765],[0.182,99.425],[0.182,99.435],[0.22,102.755],[0.3,75.255],[0.292,62.845],[0.291,62.275],[0.285,51.945],[0.334,26.385],[0.334,26.385],[0.336,25.995],[0.334,26.385],[0.334,26.385],[0.368,19.445],[0.368,-19.445],[0.336,-26.135],[0.334,-26.325],[0.309,-32.175],[0.291,-62.125],[0.291,-62.145],[0.292,-63.005],[0.291,-62.125],[0.291,-62.145],[0.3,-75.255],[0.22,-102.755],[0.184,-99.805],[0.182,-99.515],[0.152,-97.445],[0.077,-114.165],[0.077,-114.175],[0.076,-115.095]],"c":true}]},{"t":120,"s":[{"i":[[0,0],[0,0],[-3.38,3.38],[-10.74,-10.74],[-1.3,-3.97],[-0.02,-0.04],[-2.58,-2.59],[-9.68,3.66],[-0.01,0],[-0.28,0.12],[0,0],[-0.01,0],[-4.75,0],[0,-15.19],[1.89,-3.73],[0.01,-0.04],[0.01,-3.65],[-9.4,-4.28],[0,0],[-0.31,-0.13],[0,0],[0,0],[-3.38,-3.38],[10.74,-10.74],[3.98,-1.3],[0.04,-0.02],[2.59,-2.58],[-3.66,-9.68],[0,-0.01],[-0.12,-0.28],[0,0],[0,-0.01],[0,-4.75],[15.19,0],[3.73,1.89],[0.05,0.01],[3.65,0.01],[4.29,-9.4],[0,0],[0.12,-0.31],[0,0],[0,0],[3.38,-3.38],[10.74,10.74],[1.3,3.98],[0.02,0.04],[2.58,2.59],[9.68,-3.66],[0.01,0],[0.28,-0.12],[0,0],[0.01,0],[4.74,0],[0,15.19],[-1.89,3.73],[-0.01,0.05],[-0.01,3.65],[9.4,4.29],[0,0],[0.31,0.12],[0,0],[0,0],[3.38,3.38],[-10.74,10.74],[-3.97,1.3],[-0.04,0.02],[-2.59,2.58],[3.66,9.68],[0,0.01],[0.12,0.28],[0,0],[0,0.01],[0,4.74],[-15.19,0],[-3.73,-1.89],[-0.04,-0.01],[-3.65,-0.01],[-4.28,9.4],[0,0],[-0.13,0.31]],"o":[[0,-0.01],[1.26,-4.29],[10.74,-10.74],[3.16,3.16],[0,0],[1.31,3.19],[7.75,7.75],[0.01,0],[0.29,-0.1],[0,0],[0.01,0],[3.9,-2.12],[15.19,0],[0,4.46],[0,0],[-1.33,3.19],[0,10.94],[0.01,0],[0.31,0.14],[0,0],[0.01,0],[4.29,1.26],[10.74,10.74],[-3.16,3.16],[0,0],[-3.19,1.31],[-7.75,7.75],[0,0.01],[0.1,0.29],[0,0],[0,0.01],[2.12,3.9],[0,15.19],[-4.47,0],[0,0],[-3.18,-1.33],[-10.94,0],[0,0.01],[-0.13,0.31],[0,0],[0,0.01],[-1.25,4.29],[-10.74,10.74],[-3.16,-3.16],[0,0],[-1.31,-3.19],[-7.75,-7.75],[-0.01,0],[-0.29,0.1],[0,0],[-0.01,0],[-3.9,2.12],[-15.19,0],[0,-4.47],[0,0],[1.33,-3.18],[0,-10.94],[-0.01,0],[-0.31,-0.13],[0,0],[-0.01,0],[-4.29,-1.25],[-10.74,-10.74],[3.16,-3.16],[0,0],[3.19,-1.31],[7.75,-7.75],[0,-0.01],[-0.1,-0.29],[0,0],[0,-0.01],[-2.12,-3.9],[0,-15.19],[4.46,0],[0,0],[3.19,1.33],[10.94,0],[0,-0.01],[0.14,-0.31],[0,0]],"v":[[-26.395,-114.165],[-26.395,-114.175],[-19.445,-125.875],[19.445,-125.875],[26.135,-115.015],[26.325,-114.405],[32.175,-105.635],[62.125,-99.425],[62.145,-99.435],[63.005,-99.765],[62.125,-99.425],[62.145,-99.435],[75.255,-102.755],[102.755,-75.255],[99.805,-62.845],[99.515,-62.285],[97.445,-51.945],[114.165,-26.395],[114.175,-26.395],[115.095,-25.995],[114.165,-26.395],[114.175,-26.395],[125.875,-19.445],[125.875,19.445],[115.005,26.135],[114.405,26.325],[105.635,32.175],[99.425,62.125],[99.435,62.145],[99.765,63.005],[99.425,62.125],[99.435,62.145],[102.755,75.255],[75.255,102.755],[62.845,99.805],[62.275,99.515],[51.945,97.445],[26.385,114.165],[26.385,114.175],[25.995,115.095],[26.385,114.165],[26.385,114.175],[19.445,125.875],[-19.445,125.875],[-26.135,115.005],[-26.325,114.405],[-32.175,105.635],[-62.125,99.425],[-62.145,99.435],[-63.005,99.765],[-62.125,99.425],[-62.145,99.435],[-75.255,102.755],[-102.755,75.255],[-99.805,62.845],[-99.515,62.275],[-97.445,51.945],[-114.165,26.385],[-114.175,26.385],[-115.095,25.995],[-114.165,26.385],[-114.175,26.385],[-125.875,19.445],[-125.875,-19.445],[-115.015,-26.135],[-114.405,-26.325],[-105.635,-32.175],[-99.425,-62.125],[-99.435,-62.145],[-99.765,-63.005],[-99.425,-62.125],[-99.435,-62.145],[-102.755,-75.255],[-75.255,-102.755],[-62.845,-99.805],[-62.285,-99.515],[-51.945,-97.445],[-26.395,-114.165],[-26.395,-114.175],[-25.995,-115.095]],"c":true}]}],"ix":2},"nm":"Path 1","mn":"ADBE Vector Shape - Group","hd":false},{"ty":"tm","s":{"a":1,"k":[{"i":{"x":[0.667],"y":[1]},"o":{"x":[0.333],"y":[0]},"t":34,"s":[0]},{"i":{"x":[0.667],"y":[1]},"o":{"x":[0.333],"y":[0]},"t":50,"s":[0]},{"t":120,"s":[0]}],"ix":1},"e":{"a":1,"k":[{"i":{"x":[0.667],"y":[1]},"o":{"x":[0.333],"y":[0]},"t":34,"s":[6]},{"i":{"x":[0.667],"y":[1]},"o":{"x":[0.333],"y":[0]},"t":50,"s":[12]},{"t":120,"s":[6]}],"ix":2},"o":{"a":1,"k":[{"i":{"x":[0.13],"y":[1]},"o":{"x":[0.333],"y":[0]},"t":0,"s":[51]},{"t":120,"s":[411]}],"ix":3},"m":1,"ix":2,"nm":"Trim Paths 2","mn":"ADBE Vector Filter - Trim","hd":false},{"ty":"st","c":{"a":0,"k":[0,0.032258063672,1,1],"ix":3,"x":"var $bm_rt;\n$bm_rt = thisComp.layer('Color  & Stroke Change').effect('Primary')('Color');"},"o":{"a":0,"k":100,"ix":4},"w":{"a":0,"k":12,"ix":5,"x":"var $bm_rt;\n$bm_rt = $bm_mul(17.2 / 100, thisComp.layer('Color  & Stroke Change').effect('Stroke')('Slider'));"},"lc":2,"lj":2,"bm":0,"nm":"Stroke 1","mn":"ADBE Vector Graphic - Stroke","hd":false},{"ty":"tr","p":{"a":0,"k":[0,0],"ix":2},"a":{"a":0,"k":[0,0],"ix":1},"s":{"a":0,"k":[100,100],"ix":3},"r":{"a":0,"k":0,"ix":6},"o":{"a":0,"k":100,"ix":7},"sk":{"a":0,"k":0,"ix":4},"sa":{"a":0,"k":0,"ix":5},"nm":"Transform"}],"nm":"Group 1","np":3,"cix":2,"bm":0,"ix":1,"mn":"ADBE Vector Group","hd":false}],"ip":0,"op":844,"st":0,"bm":0},{"ddd":0,"ind":9,"ty":4,"nm":"Inside-1","parent":7,"sr":1,"ks":{"o":{"a":0,"k":100,"ix":11},"r":{"a":0,"k":0,"ix":10},"p":{"a":0,"k":[250.105,250.682,0],"ix":2,"l":2},"a":{"a":0,"k":[0,0,0],"ix":1,"l":2},"s":{"a":0,"k":[100,100,100],"ix":6,"l":2}},"ao":0,"shapes":[{"ty":"gr","it":[{"ind":0,"ty":"sh","ix":1,"ks":{"a":1,"k":[{"i":{"x":0.833,"y":0.833},"o":{"x":0.333,"y":0},"t":0,"s":[{"i":[[0,0],[0,0],[-3.38,3.38],[-10.74,-10.74],[-1.3,-3.97],[-0.02,-0.04],[-2.58,-2.59],[-9.68,3.66],[-0.01,0],[-0.28,0.12],[0,0],[-0.01,0],[-4.75,0],[0,-15.19],[1.89,-3.73],[0.01,-0.04],[0.01,-3.65],[-9.4,-4.28],[0,0],[-0.31,-0.13],[0,0],[0,0],[-3.38,-3.38],[10.74,-10.74],[3.98,-1.3],[0.04,-0.02],[2.59,-2.58],[-3.66,-9.68],[0,-0.01],[-0.12,-0.28],[0,0],[0,-0.01],[0,-4.75],[15.19,0],[3.73,1.89],[0.05,0.01],[3.65,0.01],[4.29,-9.4],[0,0],[0.12,-0.31],[0,0],[0,0],[3.38,-3.38],[10.74,10.74],[1.3,3.98],[0.02,0.04],[2.58,2.59],[9.68,-3.66],[0.01,0],[0.28,-0.12],[0,0],[0.01,0],[4.74,0],[0,15.19],[-1.89,3.73],[-0.01,0.05],[-0.01,3.65],[9.4,4.29],[0,0],[0.31,0.12],[0,0],[0,0],[3.38,3.38],[-10.74,10.74],[-3.97,1.3],[-0.04,0.02],[-2.59,2.58],[3.66,9.68],[0,0.01],[0.12,0.28],[0,0],[0,0.01],[0,4.74],[-15.19,0],[-3.73,-1.89],[-0.04,-0.01],[-3.65,-0.01],[-4.28,9.4],[0,0],[-0.13,0.31]],"o":[[0,-0.01],[1.26,-4.29],[10.74,-10.74],[3.16,3.16],[0,0],[1.31,3.19],[7.75,7.75],[0.01,0],[0.29,-0.1],[0,0],[0.01,0],[3.9,-2.12],[15.19,0],[0,4.46],[0,0],[-1.33,3.19],[0,10.94],[0.01,0],[0.31,0.14],[0,0],[0.01,0],[4.29,1.26],[10.74,10.74],[-3.16,3.16],[0,0],[-3.19,1.31],[-7.75,7.75],[0,0.01],[0.1,0.29],[0,0],[0,0.01],[2.12,3.9],[0,15.19],[-4.47,0],[0,0],[-3.18,-1.33],[-10.94,0],[0,0.01],[-0.13,0.31],[0,0],[0,0.01],[-1.25,4.29],[-10.74,10.74],[-3.16,-3.16],[0,0],[-1.31,-3.19],[-7.75,-7.75],[-0.01,0],[-0.29,0.1],[0,0],[-0.01,0],[-3.9,2.12],[-15.19,0],[0,-4.47],[0,0],[1.33,-3.18],[0,-10.94],[-0.01,0],[-0.31,-0.13],[0,0],[-0.01,0],[-4.29,-1.25],[-10.74,-10.74],[3.16,-3.16],[0,0],[3.19,-1.31],[7.75,-7.75],[0,-0.01],[-0.1,-0.29],[0,0],[0,-0.01],[-2.12,-3.9],[0,-15.19],[4.46,0],[0,0],[3.19,1.33],[10.94,0],[0,-0.01],[0.14,-0.31],[0,0]],"v":[[-26.395,-114.165],[-26.395,-114.175],[-19.445,-125.875],[19.445,-125.875],[26.135,-115.015],[26.325,-114.405],[32.175,-105.635],[62.125,-99.425],[62.145,-99.435],[63.005,-99.765],[62.125,-99.425],[62.145,-99.435],[75.255,-102.755],[102.755,-75.255],[99.805,-62.845],[99.515,-62.285],[97.445,-51.945],[114.165,-26.395],[114.175,-26.395],[115.095,-25.995],[114.165,-26.395],[114.175,-26.395],[125.875,-19.445],[125.875,19.445],[115.005,26.135],[114.405,26.325],[105.635,32.175],[99.425,62.125],[99.435,62.145],[99.765,63.005],[99.425,62.125],[99.435,62.145],[102.755,75.255],[75.255,102.755],[62.845,99.805],[62.275,99.515],[51.945,97.445],[26.385,114.165],[26.385,114.175],[25.995,115.095],[26.385,114.165],[26.385,114.175],[19.445,125.875],[-19.445,125.875],[-26.135,115.005],[-26.325,114.405],[-32.175,105.635],[-62.125,99.425],[-62.145,99.435],[-63.005,99.765],[-62.125,99.425],[-62.145,99.435],[-75.255,102.755],[-102.755,75.255],[-99.805,62.845],[-99.515,62.275],[-97.445,51.945],[-114.165,26.385],[-114.175,26.385],[-115.095,25.995],[-114.165,26.385],[-114.175,26.385],[-125.875,19.445],[-125.875,-19.445],[-115.015,-26.135],[-114.405,-26.325],[-105.635,-32.175],[-99.425,-62.125],[-99.435,-62.145],[-99.765,-63.005],[-99.425,-62.125],[-99.435,-62.145],[-102.755,-75.255],[-75.255,-102.755],[-62.845,-99.805],[-62.285,-99.515],[-51.945,-97.445],[-26.395,-114.165],[-26.395,-114.175],[-25.995,-115.095]],"c":true}]},{"i":{"x":0.667,"y":1},"o":{"x":0.167,"y":0.167},"t":10,"s":[{"i":[[0,0],[0,0],[0.01,3.38],[0.031,-10.74],[0.004,-3.97],[0,-0.04],[0.008,-2.59],[0.028,3.66],[0,0],[0.001,0.12],[0,0],[0,0],[0.014,0],[0,-15.19],[-0.006,-3.73],[0,-0.04],[0,-3.65],[0.027,-4.28],[0,0],[0.001,-0.13],[0,0],[0,0],[0.01,-3.38],[-0.031,-10.74],[-0.012,-1.3],[0,-0.02],[-0.008,-2.58],[0.011,-9.68],[0,-0.01],[0,-0.28],[0,0],[0,-0.01],[0,-4.75],[-0.044,0],[-0.011,1.89],[0,0.01],[-0.011,0.01],[-0.013,-9.4],[0,0],[0,-0.31],[0,0],[0,0],[-0.01,-3.38],[-0.031,10.74],[-0.004,3.98],[0,0.04],[-0.008,2.59],[-0.028,-3.66],[0,0],[-0.001,-0.12],[0,0],[0,0],[-0.014,0],[0,15.19],[0.006,3.73],[0,0.05],[0,3.65],[-0.027,4.29],[0,0],[-0.001,0.12],[0,0],[0,0],[-0.01,3.38],[0.031,10.74],[0.012,1.3],[0,0.02],[0.008,2.58],[-0.011,9.68],[0,0.01],[0,0.28],[0,0],[0,0.01],[0,4.74],[0.044,0],[0.011,-1.89],[0,-0.01],[0.011,-0.01],[0.013,9.4],[0,0],[0,0.31]],"o":[[0,-0.01],[-0.004,-4.29],[-0.031,-10.74],[-0.009,3.16],[0,0],[-0.004,3.19],[-0.023,7.75],[0,0],[-0.001,-0.1],[0,0],[0,0],[-0.011,-2.12],[-0.044,0],[0,4.46],[0,0],[0.004,3.19],[0,10.94],[0,0],[-0.001,0.14],[0,0],[0,0],[-0.013,1.26],[-0.031,10.74],[0.009,3.16],[0,0],[0.009,1.31],[0.023,7.75],[0,0.01],[0,0.29],[0,0],[0,0.01],[-0.006,3.9],[0,15.19],[0.013,0],[0,0],[0.009,-1.33],[0.032,0],[0,0.01],[0,0.31],[0,0],[0,0.01],[0.004,4.29],[0.031,10.74],[0.009,-3.16],[0,0],[0.004,-3.19],[0.023,-7.75],[0,0],[0.001,0.1],[0,0],[0,0],[0.011,2.12],[0.044,0],[0,-4.47],[0,0],[-0.004,-3.18],[0,-10.94],[0,0],[0.001,-0.13],[0,0],[0,0],[0.013,-1.25],[0.031,-10.74],[-0.009,-3.16],[0,0],[-0.009,-1.31],[-0.023,-7.75],[0,-0.01],[0,-0.29],[0,0],[0,-0.01],[0.006,-3.9],[0,-15.19],[-0.013,0],[0,0],[-0.009,1.33],[-0.032,0],[0,-0.01],[0,-0.31],[0,0]],"v":[[0.077,-114.165],[0.077,-114.175],[0.057,-125.875],[-0.057,-125.875],[-0.076,-115.015],[-0.077,-114.405],[-0.094,-105.635],[-0.182,-99.425],[-0.182,-99.435],[-0.184,-99.765],[-0.182,-99.425],[-0.182,-99.435],[-0.22,-102.755],[-0.3,-75.255],[-0.292,-62.845],[-0.291,-62.285],[-0.285,-51.945],[-0.334,-26.395],[-0.334,-26.395],[-0.336,-25.995],[-0.334,-26.395],[-0.334,-26.395],[-0.368,-19.445],[-0.368,19.445],[-0.336,26.135],[-0.334,26.325],[-0.309,32.175],[-0.291,62.125],[-0.291,62.145],[-0.292,63.005],[-0.291,62.125],[-0.291,62.145],[-0.3,75.255],[-0.22,102.755],[-0.184,99.805],[-0.182,99.515],[-0.152,97.445],[-0.077,114.165],[-0.077,114.175],[-0.076,115.095],[-0.077,114.165],[-0.077,114.175],[-0.057,125.875],[0.057,125.875],[0.076,115.005],[0.077,114.405],[0.094,105.635],[0.182,99.425],[0.182,99.435],[0.184,99.765],[0.182,99.425],[0.182,99.435],[0.22,102.755],[0.3,75.255],[0.292,62.845],[0.291,62.275],[0.285,51.945],[0.334,26.385],[0.334,26.385],[0.336,25.995],[0.334,26.385],[0.334,26.385],[0.368,19.445],[0.368,-19.445],[0.336,-26.135],[0.334,-26.325],[0.309,-32.175],[0.291,-62.125],[0.291,-62.145],[0.292,-63.005],[0.291,-62.125],[0.291,-62.145],[0.3,-75.255],[0.22,-102.755],[0.184,-99.805],[0.182,-99.515],[0.152,-97.445],[0.077,-114.165],[0.077,-114.175],[0.076,-115.095]],"c":true}]},{"i":{"x":0.833,"y":0.833},"o":{"x":0.333,"y":0},"t":20,"s":[{"i":[[0,0],[0,0],[-3.38,3.38],[-10.74,-10.74],[-1.3,-3.97],[-0.02,-0.04],[-2.58,-2.59],[-9.68,3.66],[-0.01,0],[-0.28,0.12],[0,0],[-0.01,0],[-4.75,0],[0,-15.19],[1.89,-3.73],[0.01,-0.04],[0.01,-3.65],[-9.4,-4.28],[0,0],[-0.31,-0.13],[0,0],[0,0],[-3.38,-3.38],[10.74,-10.74],[3.98,-1.3],[0.04,-0.02],[2.59,-2.58],[-3.66,-9.68],[0,-0.01],[-0.12,-0.28],[0,0],[0,-0.01],[0,-4.75],[15.19,0],[3.73,1.89],[0.05,0.01],[3.65,0.01],[4.29,-9.4],[0,0],[0.12,-0.31],[0,0],[0,0],[3.38,-3.38],[10.74,10.74],[1.3,3.98],[0.02,0.04],[2.58,2.59],[9.68,-3.66],[0.01,0],[0.28,-0.12],[0,0],[0.01,0],[4.74,0],[0,15.19],[-1.89,3.73],[-0.01,0.05],[-0.01,3.65],[9.4,4.29],[0,0],[0.31,0.12],[0,0],[0,0],[3.38,3.38],[-10.74,10.74],[-3.97,1.3],[-0.04,0.02],[-2.59,2.58],[3.66,9.68],[0,0.01],[0.12,0.28],[0,0],[0,0.01],[0,4.74],[-15.19,0],[-3.73,-1.89],[-0.04,-0.01],[-3.65,-0.01],[-4.28,9.4],[0,0],[-0.13,0.31]],"o":[[0,-0.01],[1.26,-4.29],[10.74,-10.74],[3.16,3.16],[0,0],[1.31,3.19],[7.75,7.75],[0.01,0],[0.29,-0.1],[0,0],[0.01,0],[3.9,-2.12],[15.19,0],[0,4.46],[0,0],[-1.33,3.19],[0,10.94],[0.01,0],[0.31,0.14],[0,0],[0.01,0],[4.29,1.26],[10.74,10.74],[-3.16,3.16],[0,0],[-3.19,1.31],[-7.75,7.75],[0,0.01],[0.1,0.29],[0,0],[0,0.01],[2.12,3.9],[0,15.19],[-4.47,0],[0,0],[-3.18,-1.33],[-10.94,0],[0,0.01],[-0.13,0.31],[0,0],[0,0.01],[-1.25,4.29],[-10.74,10.74],[-3.16,-3.16],[0,0],[-1.31,-3.19],[-7.75,-7.75],[-0.01,0],[-0.29,0.1],[0,0],[-0.01,0],[-3.9,2.12],[-15.19,0],[0,-4.47],[0,0],[1.33,-3.18],[0,-10.94],[-0.01,0],[-0.31,-0.13],[0,0],[-0.01,0],[-4.29,-1.25],[-10.74,-10.74],[3.16,-3.16],[0,0],[3.19,-1.31],[7.75,-7.75],[0,-0.01],[-0.1,-0.29],[0,0],[0,-0.01],[-2.12,-3.9],[0,-15.19],[4.46,0],[0,0],[3.19,1.33],[10.94,0],[0,-0.01],[0.14,-0.31],[0,0]],"v":[[-26.395,-114.165],[-26.395,-114.175],[-19.445,-125.875],[19.445,-125.875],[26.135,-115.015],[26.325,-114.405],[32.175,-105.635],[62.125,-99.425],[62.145,-99.435],[63.005,-99.765],[62.125,-99.425],[62.145,-99.435],[75.255,-102.755],[102.755,-75.255],[99.805,-62.845],[99.515,-62.285],[97.445,-51.945],[114.165,-26.395],[114.175,-26.395],[115.095,-25.995],[114.165,-26.395],[114.175,-26.395],[125.875,-19.445],[125.875,19.445],[115.005,26.135],[114.405,26.325],[105.635,32.175],[99.425,62.125],[99.435,62.145],[99.765,63.005],[99.425,62.125],[99.435,62.145],[102.755,75.255],[75.255,102.755],[62.845,99.805],[62.275,99.515],[51.945,97.445],[26.385,114.165],[26.385,114.175],[25.995,115.095],[26.385,114.165],[26.385,114.175],[19.445,125.875],[-19.445,125.875],[-26.135,115.005],[-26.325,114.405],[-32.175,105.635],[-62.125,99.425],[-62.145,99.435],[-63.005,99.765],[-62.125,99.425],[-62.145,99.435],[-75.255,102.755],[-102.755,75.255],[-99.805,62.845],[-99.515,62.275],[-97.445,51.945],[-114.165,26.385],[-114.175,26.385],[-115.095,25.995],[-114.165,26.385],[-114.175,26.385],[-125.875,19.445],[-125.875,-19.445],[-115.015,-26.135],[-114.405,-26.325],[-105.635,-32.175],[-99.425,-62.125],[-99.435,-62.145],[-99.765,-63.005],[-99.425,-62.125],[-99.435,-62.145],[-102.755,-75.255],[-75.255,-102.755],[-62.845,-99.805],[-62.285,-99.515],[-51.945,-97.445],[-26.395,-114.165],[-26.395,-114.175],[-25.995,-115.095]],"c":true}]},{"i":{"x":0.13,"y":1},"o":{"x":0.167,"y":0.167},"t":33,"s":[{"i":[[0,0],[0,0],[0.01,3.38],[0.031,-10.74],[0.004,-3.97],[0,-0.04],[0.008,-2.59],[0.028,3.66],[0,0],[0.001,0.12],[0,0],[0,0],[0.014,0],[0,-15.19],[-0.006,-3.73],[0,-0.04],[0,-3.65],[0.027,-4.28],[0,0],[0.001,-0.13],[0,0],[0,0],[0.01,-3.38],[-0.031,-10.74],[-0.012,-1.3],[0,-0.02],[-0.008,-2.58],[0.011,-9.68],[0,-0.01],[0,-0.28],[0,0],[0,-0.01],[0,-4.75],[-0.044,0],[-0.011,1.89],[0,0.01],[-0.011,0.01],[-0.013,-9.4],[0,0],[0,-0.31],[0,0],[0,0],[-0.01,-3.38],[-0.031,10.74],[-0.004,3.98],[0,0.04],[-0.008,2.59],[-0.028,-3.66],[0,0],[-0.001,-0.12],[0,0],[0,0],[-0.014,0],[0,15.19],[0.006,3.73],[0,0.05],[0,3.65],[-0.027,4.29],[0,0],[-0.001,0.12],[0,0],[0,0],[-0.01,3.38],[0.031,10.74],[0.012,1.3],[0,0.02],[0.008,2.58],[-0.011,9.68],[0,0.01],[0,0.28],[0,0],[0,0.01],[0,4.74],[0.044,0],[0.011,-1.89],[0,-0.01],[0.011,-0.01],[0.013,9.4],[0,0],[0,0.31]],"o":[[0,-0.01],[-0.004,-4.29],[-0.031,-10.74],[-0.009,3.16],[0,0],[-0.004,3.19],[-0.023,7.75],[0,0],[-0.001,-0.1],[0,0],[0,0],[-0.011,-2.12],[-0.044,0],[0,4.46],[0,0],[0.004,3.19],[0,10.94],[0,0],[-0.001,0.14],[0,0],[0,0],[-0.013,1.26],[-0.031,10.74],[0.009,3.16],[0,0],[0.009,1.31],[0.023,7.75],[0,0.01],[0,0.29],[0,0],[0,0.01],[-0.006,3.9],[0,15.19],[0.013,0],[0,0],[0.009,-1.33],[0.032,0],[0,0.01],[0,0.31],[0,0],[0,0.01],[0.004,4.29],[0.031,10.74],[0.009,-3.16],[0,0],[0.004,-3.19],[0.023,-7.75],[0,0],[0.001,0.1],[0,0],[0,0],[0.011,2.12],[0.044,0],[0,-4.47],[0,0],[-0.004,-3.18],[0,-10.94],[0,0],[0.001,-0.13],[0,0],[0,0],[0.013,-1.25],[0.031,-10.74],[-0.009,-3.16],[0,0],[-0.009,-1.31],[-0.023,-7.75],[0,-0.01],[0,-0.29],[0,0],[0,-0.01],[0.006,-3.9],[0,-15.19],[-0.013,0],[0,0],[-0.009,1.33],[-0.032,0],[0,-0.01],[0,-0.31],[0,0]],"v":[[0.077,-114.165],[0.077,-114.175],[0.057,-125.875],[-0.057,-125.875],[-0.076,-115.015],[-0.077,-114.405],[-0.094,-105.635],[-0.182,-99.425],[-0.182,-99.435],[-0.184,-99.765],[-0.182,-99.425],[-0.182,-99.435],[-0.22,-102.755],[-0.3,-75.255],[-0.292,-62.845],[-0.291,-62.285],[-0.285,-51.945],[-0.334,-26.395],[-0.334,-26.395],[-0.336,-25.995],[-0.334,-26.395],[-0.334,-26.395],[-0.368,-19.445],[-0.368,19.445],[-0.336,26.135],[-0.334,26.325],[-0.309,32.175],[-0.291,62.125],[-0.291,62.145],[-0.292,63.005],[-0.291,62.125],[-0.291,62.145],[-0.3,75.255],[-0.22,102.755],[-0.184,99.805],[-0.182,99.515],[-0.152,97.445],[-0.077,114.165],[-0.077,114.175],[-0.076,115.095],[-0.077,114.165],[-0.077,114.175],[-0.057,125.875],[0.057,125.875],[0.076,115.005],[0.077,114.405],[0.094,105.635],[0.182,99.425],[0.182,99.435],[0.184,99.765],[0.182,99.425],[0.182,99.435],[0.22,102.755],[0.3,75.255],[0.292,62.845],[0.291,62.275],[0.285,51.945],[0.334,26.385],[0.334,26.385],[0.336,25.995],[0.334,26.385],[0.334,26.385],[0.368,19.445],[0.368,-19.445],[0.336,-26.135],[0.334,-26.325],[0.309,-32.175],[0.291,-62.125],[0.291,-62.145],[0.292,-63.005],[0.291,-62.125],[0.291,-62.145],[0.3,-75.255],[0.22,-102.755],[0.184,-99.805],[0.182,-99.515],[0.152,-97.445],[0.077,-114.165],[0.077,-114.175],[0.076,-115.095]],"c":true}]},{"t":120,"s":[{"i":[[0,0],[0,0],[-3.38,3.38],[-10.74,-10.74],[-1.3,-3.97],[-0.02,-0.04],[-2.58,-2.59],[-9.68,3.66],[-0.01,0],[-0.28,0.12],[0,0],[-0.01,0],[-4.75,0],[0,-15.19],[1.89,-3.73],[0.01,-0.04],[0.01,-3.65],[-9.4,-4.28],[0,0],[-0.31,-0.13],[0,0],[0,0],[-3.38,-3.38],[10.74,-10.74],[3.98,-1.3],[0.04,-0.02],[2.59,-2.58],[-3.66,-9.68],[0,-0.01],[-0.12,-0.28],[0,0],[0,-0.01],[0,-4.75],[15.19,0],[3.73,1.89],[0.05,0.01],[3.65,0.01],[4.29,-9.4],[0,0],[0.12,-0.31],[0,0],[0,0],[3.38,-3.38],[10.74,10.74],[1.3,3.98],[0.02,0.04],[2.58,2.59],[9.68,-3.66],[0.01,0],[0.28,-0.12],[0,0],[0.01,0],[4.74,0],[0,15.19],[-1.89,3.73],[-0.01,0.05],[-0.01,3.65],[9.4,4.29],[0,0],[0.31,0.12],[0,0],[0,0],[3.38,3.38],[-10.74,10.74],[-3.97,1.3],[-0.04,0.02],[-2.59,2.58],[3.66,9.68],[0,0.01],[0.12,0.28],[0,0],[0,0.01],[0,4.74],[-15.19,0],[-3.73,-1.89],[-0.04,-0.01],[-3.65,-0.01],[-4.28,9.4],[0,0],[-0.13,0.31]],"o":[[0,-0.01],[1.26,-4.29],[10.74,-10.74],[3.16,3.16],[0,0],[1.31,3.19],[7.75,7.75],[0.01,0],[0.29,-0.1],[0,0],[0.01,0],[3.9,-2.12],[15.19,0],[0,4.46],[0,0],[-1.33,3.19],[0,10.94],[0.01,0],[0.31,0.14],[0,0],[0.01,0],[4.29,1.26],[10.74,10.74],[-3.16,3.16],[0,0],[-3.19,1.31],[-7.75,7.75],[0,0.01],[0.1,0.29],[0,0],[0,0.01],[2.12,3.9],[0,15.19],[-4.47,0],[0,0],[-3.18,-1.33],[-10.94,0],[0,0.01],[-0.13,0.31],[0,0],[0,0.01],[-1.25,4.29],[-10.74,10.74],[-3.16,-3.16],[0,0],[-1.31,-3.19],[-7.75,-7.75],[-0.01,0],[-0.29,0.1],[0,0],[-0.01,0],[-3.9,2.12],[-15.19,0],[0,-4.47],[0,0],[1.33,-3.18],[0,-10.94],[-0.01,0],[-0.31,-0.13],[0,0],[-0.01,0],[-4.29,-1.25],[-10.74,-10.74],[3.16,-3.16],[0,0],[3.19,-1.31],[7.75,-7.75],[0,-0.01],[-0.1,-0.29],[0,0],[0,-0.01],[-2.12,-3.9],[0,-15.19],[4.46,0],[0,0],[3.19,1.33],[10.94,0],[0,-0.01],[0.14,-0.31],[0,0]],"v":[[-26.395,-114.165],[-26.395,-114.175],[-19.445,-125.875],[19.445,-125.875],[26.135,-115.015],[26.325,-114.405],[32.175,-105.635],[62.125,-99.425],[62.145,-99.435],[63.005,-99.765],[62.125,-99.425],[62.145,-99.435],[75.255,-102.755],[102.755,-75.255],[99.805,-62.845],[99.515,-62.285],[97.445,-51.945],[114.165,-26.395],[114.175,-26.395],[115.095,-25.995],[114.165,-26.395],[114.175,-26.395],[125.875,-19.445],[125.875,19.445],[115.005,26.135],[114.405,26.325],[105.635,32.175],[99.425,62.125],[99.435,62.145],[99.765,63.005],[99.425,62.125],[99.435,62.145],[102.755,75.255],[75.255,102.755],[62.845,99.805],[62.275,99.515],[51.945,97.445],[26.385,114.165],[26.385,114.175],[25.995,115.095],[26.385,114.165],[26.385,114.175],[19.445,125.875],[-19.445,125.875],[-26.135,115.005],[-26.325,114.405],[-32.175,105.635],[-62.125,99.425],[-62.145,99.435],[-63.005,99.765],[-62.125,99.425],[-62.145,99.435],[-75.255,102.755],[-102.755,75.255],[-99.805,62.845],[-99.515,62.275],[-97.445,51.945],[-114.165,26.385],[-114.175,26.385],[-115.095,25.995],[-114.165,26.385],[-114.175,26.385],[-125.875,19.445],[-125.875,-19.445],[-115.015,-26.135],[-114.405,-26.325],[-105.635,-32.175],[-99.425,-62.125],[-99.435,-62.145],[-99.765,-63.005],[-99.425,-62.125],[-99.435,-62.145],[-102.755,-75.255],[-75.255,-102.755],[-62.845,-99.805],[-62.285,-99.515],[-51.945,-97.445],[-26.395,-114.165],[-26.395,-114.175],[-25.995,-115.095]],"c":true}]}],"ix":2},"nm":"Path 1","mn":"ADBE Vector Shape - Group","hd":false},{"ty":"tm","s":{"a":1,"k":[{"i":{"x":[0.667],"y":[1]},"o":{"x":[0.333],"y":[0]},"t":34,"s":[13.9]},{"i":{"x":[0.667],"y":[1]},"o":{"x":[0.333],"y":[0]},"t":50,"s":[5]},{"t":120,"s":[13.9]}],"ix":1},"e":{"a":0,"k":14,"ix":2},"o":{"a":1,"k":[{"i":{"x":[0.322],"y":[1]},"o":{"x":[0.333],"y":[0]},"t":0,"s":[-9]},{"t":120,"s":[351]}],"ix":3},"m":1,"ix":2,"nm":"Trim Paths 1","mn":"ADBE Vector Filter - Trim","hd":false},{"ty":"st","c":{"a":0,"k":[0,0.032258063672,1,1],"ix":3,"x":"var $bm_rt;\n$bm_rt = thisComp.layer('Color  & Stroke Change').effect('Primary')('Color');"},"o":{"a":0,"k":100,"ix":4},"w":{"a":0,"k":12,"ix":5,"x":"var $bm_rt;\n$bm_rt = $bm_mul(17.2 / 100, thisComp.layer('Color  & Stroke Change').effect('Stroke')('Slider'));"},"lc":2,"lj":2,"bm":0,"nm":"Stroke 2","mn":"ADBE Vector Graphic - Stroke","hd":false},{"ty":"tr","p":{"a":0,"k":[0,0],"ix":2},"a":{"a":0,"k":[0,0],"ix":1},"s":{"a":0,"k":[100,100],"ix":3},"r":{"a":0,"k":0,"ix":6},"o":{"a":0,"k":100,"ix":7},"sk":{"a":0,"k":0,"ix":4},"sa":{"a":0,"k":0,"ix":5},"nm":"Transform"}],"nm":"Group 1","np":3,"cix":2,"bm":0,"ix":1,"mn":"ADBE Vector Group","hd":false}],"ip":0,"op":844,"st":0,"bm":0}],"markers":[]}